status,library_id,date,page_name,page_link,sponsored,ad_text,image_url,video_url
Inactive,1050390463811306,9 Apr 2025 - 29 Jun 2025,Slotomania - Slot Machines,https://www.facebook.com/slotomania/,Yes,"🎰Come Back Now, Spin 50 times, AND GET CiviliTreasures Game Mania for 24 Hours 🔥🤑",https://scontent.fpnh5-5.fna.fbcdn.net/v/t39.35426-6/490109690_1229705634658552_3503664659239900315_n.jpg?stp=dst-jpg_s600x600_tt6&_nc_cat=111&ccb=1-7&_nc_sid=c53f8f&_nc_ohc=L0Ly7UhwpDMQ7kNvwHjv47Z&_nc_oc=AdqosOCRbQFo2myitbfQb3nVHdFX5DMlfdbFpIP4Iadz95fQfuPod4ufl-j3jAhC5MY&_nc_zt=14&_nc_ht=scontent.fpnh5-5.fna&_nc_gid=FH9i1GvkzOdpwbJuZYst1w&_nc_ss=7a30f&oh=00_Afycj-lDOWiur0Xz0lYgaKpHvK0A2bNvDLwnb8TDzpTOuQ&oe=69C34EDA,
Inactive,689635457459526,20 Aug 2025 - 23 Aug 2025,INAIR,https://www.facebook.com/inairglass/,Yes,"🎰 #LuckyDraw Your gameplay could turn into real-life rewards✨

1️. Watch the slot machine spin
2️️. Screenshot your result
3️️. Drop it in the comments

Land 3 #INAIR2Pro 👓 = win a mystery gift
Land 3 different icons 💰 = DM us for a $30 discount on INAIR 2 Pro

With #INAIR, games don’t just stay on your screen, they leap into your world in full 3D. 
🔗 Click  to discover more

#3Dgaming #Gamescom #Gamescom2025 #ARglasses #Giveaway",,https://video.fpnh5-5.fna.fbcdn.net/o1/v/t2/f2/m366/AQNzx05pM6qOeHzCRyg1VPlFML6g9WriYSCtjrfdVNKaRGygR26KA-qy8isZjgEgSa7VgmwBcg26969saXjML9YpkRoA-FfTscFNm-BOBw.mp4?_nc_cat=111&_nc_oc=Adp5ae0D4F0y8Ko2G3BB57Axrz_JqbgJlwrnAaFh69RF-AX7q836IGPv42nxwefjPvo&_nc_sid=8bf8fe&_nc_ht=video.fpnh5-5.fna.fbcdn.net&_nc_ohc=jLFNEB5VkYIQ7kNvwEs4IlB&efg=eyJ2ZW5jb2RlX3RhZyI6Inhwdl9wcm9ncmVzc2l2ZS5WSV9VU0VDQVNFX1BST0RVQ1RfVFlQRS4uQzMuMzYwLnN2ZV9zZCIsInhwdl9hc3NldF9pZCI6NzY0OTkzMjU5NjE2NDEyLCJhc3NldF9hZ2VfZGF5cyI6MjEyLCJ2aV91c2VjYXNlX2lkIjoxMDEyMiwiZHVyYXRpb25fcyI6OCwidXJsZ2VuX3NvdXJjZSI6Ind3dyJ9&ccb=17-1&_nc_gid=FH9i1GvkzOdpwbJuZYst1w&_nc_ss=7a30f&_nc_zt=28&oh=00_Afxs9mqRPnSP0xnl675np8rtbWA_p8C6Rh6oBhBDNmsU4A&oe=69C361BB
Inactive,1283030086477431,10 Sep 2025 - 14 Nov 2025,Slotomania - Slot Machines,https://www.facebook.com/slotomania/,Yes,"🎰🎉Have you met our brand new Cleopatra II Slot Machine, Straight from the Casino Floors?!🎉🎰
Spin NOW🎁",https://scontent.fpnh5-3.fna.fbcdn.net/v/t39.35426-6/538902419_1070459048218038_7858591724546077205_n.jpg?stp=dst-jpg_s600x600_tt6&_nc_cat=108&ccb=1-7&_nc_sid=c53f8f&_nc_ohc=_hliVx3qs3sQ7kNvwGoVxos&_nc_oc=Adr81-w6x1hyN6Oz6az7RzppnvLvDAah1_CjYMZ-KN4EQ0lJNjtFiGWKtQ6EUxFlfb8&_nc_zt=14&_nc_ht=scontent.fpnh5-3.fna&_nc_gid=FH9i1GvkzOdpwbJuZYst1w&_nc_ss=7a30f&oh=00_AfzySPtjicAHVm_Slprs5odEg4fSflCx__WgmXHV7Z8Nww&oe=69C37260,
Inactive,1420068729102429,31 Aug 2025 - 23 Feb 2026,Slots Bingo Free,https://www.facebook.com/SlotsBingoFree/,Yes,🎰 Play The Best SLOT-Machine GAMES!,https://scontent.fpnh5-2.fna.fbcdn.net/v/t39.35426-6/538542548_1105766860986425_929653765463809144_n.jpg?stp=dst-jpg_s600x600_tt6&_nc_cat=107&ccb=1-7&_nc_sid=c53f8f&_nc_ohc=TdChhLiWe0cQ7kNvwGdg5lG&_nc_oc=AdokEJeCy4GhTPzk3Dmu22cUuraFwq-SEFaM8gQJROEc9FMD9ggzuRug1vpu0o5UbGc&_nc_zt=14&_nc_ht=scontent.fpnh5-2.fna&_nc_gid=FH9i1GvkzOdpwbJuZYst1w&_nc_ss=7a30f&oh=00_AfwMfMFcjm06Jwur2kHUs4Qn3SrVhW5060V9XC3Xdpfehg&oe=69C363FD,
Inactive,1613146482672478,1 Apr 2025 - 4 Jun 2025,Slotomania - Slot Machines,https://www.facebook.com/slotomania/,Yes,"🎰🎉Have you met our brand new Cleopatra II Slot Machine, Straight from the Casino Floors?!🎉🎰
Spin NOW🎁",https://scontent.fpnh5-1.fna.fbcdn.net/v/t39.35426-6/474531417_1373319980499380_878257038094753615_n.jpg?stp=dst-jpg_s600x600_tt6&_nc_cat=105&ccb=1-7&_nc_sid=c53f8f&_nc_ohc=7YeWtjoA6vEQ7kNvwG2TRYG&_nc_oc=AdpTycuAo2dfpwadZFGQHde0qAFrOGrV7dwFzSciwnUMUDHuY6hEGeOBw8LNJBuV8TE&_nc_zt=14&_nc_ht=scontent.fpnh5-1.fna&_nc_gid=FH9i1GvkzOdpwbJuZYst1w&_nc_ss=7a30f&oh=00_Afz8XNDJ1CwwEfBQAmL5l68DEMmFs6SXBxUPHpv3s_23IQ&oe=69C34D68,
Inactive,701358372809425,30 Jun 2025 - 23 Feb 2026,Apps-4-Free,https://www.facebook.com/GameApps4Free/,Yes,🍀 The Best SLOT-Machine GAMES! 🍀,https://scontent.fpnh5-3.fna.fbcdn.net/v/t39.35426-6/514354000_23936538976000064_6108675620481551497_n.jpg?stp=dst-jpg_s600x600_tt6&_nc_cat=106&ccb=1-7&_nc_sid=c53f8f&_nc_aid=0&_nc_ohc=S58YfrVNcTwQ7kNvwG-sdjP&_nc_oc=AdpzTuf_bChnGSe2AgU6_AABW4ezeKVKpP7ER2TePllYXEikplp9YC_5I6nEoYsIiUE&_nc_zt=14&_nc_ht=scontent.fpnh5-3.fna&_nc_gid=FH9i1GvkzOdpwbJuZYst1w&_nc_ss=7a30f&oh=00_AfzuyaLk4E2IUGHbJD1tIaXsk0mQ5ItZN-9mP54kiq94bw&oe=69C36DB9,
Inactive,1235568484612606,3 Jun 2025 - 24 Feb 2026,Slots Bingo Free,https://www.facebook.com/SlotsBingoFree/,Yes,🎰 Play The Best SLOT-Machine GAMES!,https://scontent.fpnh5-6.fna.fbcdn.net/v/t39.35426-6/502584387_1234160094754781_415209914298900747_n.jpg?stp=dst-jpg_s600x600_tt6&_nc_cat=103&ccb=1-7&_nc_sid=c53f8f&_nc_ohc=sFKHjsPvT8MQ7kNvwEzWTUT&_nc_oc=AdqrRRvyNsmvvaaf1Yry1KwDBP6MuMIG7lQO0fVTtzvnS6bNZA4NMwe-bf3MeLgKXro&_nc_zt=14&_nc_ht=scontent.fpnh5-6.fna&_nc_gid=FH9i1GvkzOdpwbJuZYst1w&_nc_ss=7a30f&oh=00_AfzWHmlJ6GNTjmXvVjiAZYtbVBXEKBZjB-E0UlVzKgG7FQ&oe=69C37DE2,
Inactive,4049971581925361,28 Mar 2025 - 4 Apr 2025,Canton Fair,https://www.facebook.com/CantonFairOnline/,Yes,"Today, Bee and Honey have selected outstanding companies from the Building & Furniture sectors. Some will showcase furniture suitable for various households, while others will present environmentally friendly, safe, and reliable building materials.",,
Inactive,417530431311710,7 Aug 2024 - 9 Apr 2025,Slots Bingo Free,https://www.facebook.com/SlotsBingoFree/,Yes,🎰 The Best SLOT-Machine GAMES!,https://scontent.fpnh5-2.fna.fbcdn.net/v/t39.35426-6/454350194_871159564968251_201133041701641724_n.jpg?stp=dst-jpg_s600x600_tt6&_nc_cat=107&ccb=1-7&_nc_sid=c53f8f&_nc_ohc=bd2CA4-vs34Q7kNvwG17pO2&_nc_oc=Adrpbh0UcydEffCMkob3jOG1sg845gNsnq4mtkdzB2had6JNzvWBJtcjDJovEtbFuKk&_nc_zt=14&_nc_ht=scontent.fpnh5-2.fna&_nc_gid=FH9i1GvkzOdpwbJuZYst1w&_nc_ss=7a30f&oh=00_AfzZcubM25G0wEfw7sqC5nQBFuJ6Ut6eBKtolm0tTsWjsA&oe=69C362ED,
Inactive,566864376401471,26 Feb 2025 - 14 May 2025,Jackpot Crush Featuring IGT,https://www.facebook.com/100090784806069/,Yes,"🔥 15,000,000 Welcome Free Coins 🔥
💎Countless AMAZING themes💎
😍 Try Your Luck and Play It NOW 😍",,https://video.fpnh5-3.fna.fbcdn.net/o1/v/t2/f2/m69/AQMSgbtd26j38wPpe-NTCcZ5g5I_V5qMe4PZQW1ocSql7AztKCyxNdDkPXAVlc0UBgKpvIHQGiy5gGoCRdxVwTw9.mp4?strext=1&_nc_cat=104&_nc_oc=AdoiTAd6xxdWujqlZu_ZEcqrow1BWDtdstItrOFMGpnoXS4v-HsAh8viH1ULNYtej1w&_nc_sid=8bf8fe&_nc_ht=video.fpnh5-3.fna.fbcdn.net&_nc_ohc=2dcYfkEIBcMQ7kNvwF5H3oj&efg=eyJ2ZW5jb2RlX3RhZyI6Inhwdl9wcm9ncmVzc2l2ZS5WSV9VU0VDQVNFX1BST0RVQ1RfVFlQRS4uQzMuMzYwLmFzaWNfaHExX3NkX3Byb2dyZXNzaXZlIiwieHB2X2Fzc2V0X2lkIjoxNzMxMTI0NTE0MjIyOTIwLCJhc3NldF9hZ2VfZGF5cyI6MTIyLCJ2aV91c2VjYXNlX2lkIjoxMDY4MCwiZHVyYXRpb25fcyI6NTMsInVybGdlbl9zb3VyY2UiOiJ3d3cifQ%3D%3D&ccb=17-1&_nc_gid=FH9i1GvkzOdpwbJuZYst1w&_nc_ss=7a30f&_nc_zt=28&oh=00_AfzUms0KUUZWMP90d-9t-H8Wq91hZzqZhwpHYFhBrClYgA&oe=69C37242
Inactive,938493081144020,23 Dec 2024 - 20 Apr 2025,Apps-4-Free,https://www.facebook.com/GameApps4Free/,Yes,🍀 The Best SLOT-Machine GAMES! 🍀,https://scontent.fpnh5-2.fna.fbcdn.net/v/t39.35426-6/471245708_443077162191400_2282609855250024626_n.jpg?stp=dst-jpg_s600x600_tt6&_nc_cat=107&ccb=1-7&_nc_sid=c53f8f&_nc_ohc=wLKxU8YEBMwQ7kNvwEtou8x&_nc_oc=AdrSFdYIq4IQc2M9PKFhgi2DgGHf4clLy1FxXtOC7uCtav6xra2471ros-YMSPq2Mwk&_nc_zt=14&_nc_ht=scontent.fpnh5-2.fna&_nc_gid=FH9i1GvkzOdpwbJuZYst1w&_nc_ss=7a30f&oh=00_AfyKUzl4_pL9lF3_PhJSn9WYfm_cNeq-KJeHtCD32Y-Bkg&oe=69C368B9,
Inactive,507888524977633,7 Aug 2024 - 9 Apr 2025,Slots Bingo Free,https://www.facebook.com/SlotsBingoFree/,Yes,🎰 Play The Best SLOT-Machine GAMES!,https://scontent.fpnh5-2.fna.fbcdn.net/v/t39.35426-6/454426371_855372692722163_8159483359484131293_n.jpg?stp=dst-jpg_s600x600_tt6&_nc_cat=107&ccb=1-7&_nc_sid=c53f8f&_nc_ohc=nqEMgiVKgp0Q7kNvwHrGAq3&_nc_oc=Adp9C8CB1GbYfvW7CrR_sZpDFYq9xdCOxBMJ2RAQdJtB4APm8jgHLvZZ2I0v-cpJqVI&_nc_zt=14&_nc_ht=scontent.fpnh5-2.fna&_nc_gid=FH9i1GvkzOdpwbJuZYst1w&_nc_ss=7a30f&oh=00_Afw0ve9Fm8NzoYTozsrUFElvX6SZyRa4HBDovVlVCqf42Q&oe=69C374FD,
Inactive,2309831486068150,13 Jan 2025 - 8 May 2025,Apps-4-Free,https://www.facebook.com/GameApps4Free/,Yes,🍀 The Best SLOT-Machine GAMES! 🍀,https://scontent.fpnh5-3.fna.fbcdn.net/v/t39.35426-6/473380093_1092639832606451_6991367756197362290_n.jpg?stp=dst-jpg_s600x600_tt6&_nc_cat=108&ccb=1-7&_nc_sid=c53f8f&_nc_ohc=_K_uG5qVIjUQ7kNvwGO6gCs&_nc_oc=Adprk55EMirRArBGGb2Cal0xyCW-TUeCaApi9cwq-j-PlBwI2WR4C6ZXutahSr6_Os4&_nc_zt=14&_nc_ht=scontent.fpnh5-3.fna&_nc_gid=FH9i1GvkzOdpwbJuZYst1w&_nc_ss=7a30f&oh=00_Afx_sIR9OCzIj_zR3gbEF2DFWWYaUnkRzJBP5Eibm3n2GA&oe=69C349F7,
Inactive,2749647805424379,10 Apr 2025 - 26 Apr 2025,Chin Jackie Varney,https://www.facebook.com/61552561648664/,Yes,,,
Inactive,537161836021366,29 Dec 2024 - 8 May 2025,Slots Bingo Free,https://www.facebook.com/SlotsBingoFree/,Yes,🎰 Play The Best SLOT-Machine GAMES!,https://scontent.fpnh5-2.fna.fbcdn.net/v/t39.35426-6/471819621_1295603744806487_6071155009520025144_n.jpg?stp=dst-jpg_s600x600_tt6&_nc_cat=109&ccb=1-7&_nc_sid=c53f8f&_nc_ohc=FBXj5J-kZUAQ7kNvwFdJfyh&_nc_oc=AdpxXRIVI_g9C_OQhCMnQ92ejpbPCmgpYEHSdmdm3zpTFeUEIWviSN3lVLF1YlosHxc&_nc_zt=14&_nc_ht=scontent.fpnh5-2.fna&_nc_gid=FH9i1GvkzOdpwbJuZYst1w&_nc_ss=7a30f&oh=00_AfzHc0jBUH8qOFw9PBQxqhB2KTpmIEPhaPX5YIx605r4GA&oe=69C37119,
Inactive,1212286390695064,2 Jul 2025 - 9 Jul 2025,"Track It. Control It. Sell It. Slot by Slot.

📦 Gentle XY-axis delivery—fast, smooth, and damage-free.
➕Perfect for mixed-size items like hot food, drinks, or stationery.
✅ High accuracy, fewer errors, smoother vending.
💳 Multiple payment options—card, coin, cash & more.

E-mail: info@tcnvending.com
WhatsApp/Phone number: +86 18774863821

#SmartVending #VendingMachine #NextGenVending #IntelligentVending #SlotBySlot #RetailTech #AutomatedRetail #TechDrivenRetail #ModularVending #PrecisionVending #VendingInnovation #CustomVending #VendingSolutions #FutureOfRetail",https://www.facebook.com/TCNVendingMachine/,Yes,"Track It. Control It. Sell It. Slot by Slot.

📦 Gentle XY-axis delivery—fast, smooth, and damage-free.
➕Perfect for mixed-size items like hot food, drinks, or stationery.
✅ High accuracy, fewer errors, smoother vending.
💳 Multiple payment options—card, coin, cash & more.

E-mail: info@tcnvending.com
WhatsApp/Phone number: +86 18774863821

#SmartVending #VendingMachine #NextGenVending #IntelligentVending #SlotBySlot #RetailTech #AutomatedRetail #TechDrivenRetail #ModularVending #PrecisionVending #VendingInnovation #CustomVending #VendingSolutions #FutureOfRetail",https://scontent.fpnh5-2.fna.fbcdn.net/v/t39.35426-6/514403817_740546478921708_4228266908841197841_n.jpg?stp=dst-jpg_s600x600_tt6&_nc_cat=109&ccb=1-7&_nc_sid=c53f8f&_nc_ohc=5JArPa_EiGAQ7kNvwEixTPT&_nc_oc=AdoqDRJrvIxdzcgJ7TRelJJc6IxQNDzYA20Ti2N-kNW31y-5Y7wONDpsxIGJcw-P_do&_nc_zt=14&_nc_ht=scontent.fpnh5-2.fna&_nc_gid=FH9i1GvkzOdpwbJuZYst1w&_nc_ss=7a30f&oh=00_AfwbNyMeloH5bGMPVfswNY9VvVSYeSHRcFNzOF7bdBx_LA&oe=69C34AFA,
Inactive,896976182458257,1 Apr 2025 - 3 Aug 2025,Slotomania - Slot Machines,https://www.facebook.com/slotomania/,Yes,"❤JUST FOR YOU! 💰
🎰Spin 50 Times ON ANY SLOT MACHINE🎰
And GET 
🎉CivilTreasures Game Mania Opened for 24 Hours 🎁
We Miss You! Come Back and Enjoy the Mania 🙆‍♀️😍",,https://video.fpnh5-5.fna.fbcdn.net/o1/v/t2/f2/m69/AQMoaOK5IWyeqt98CiETbUUDfY90Uvq17v6q0gDljaTGjXm3S6sZlPA-rG-DPEWzaXPmiVzCzY2_7Y13YdBk6td7.mp4?strext=1&_nc_cat=111&_nc_oc=Adq5TInMpSkuViQsHFJ4mkNF-LynrM7hYrS5212EgQp6mqRpAQ7_stqR3qPrxYgqMTI&_nc_sid=8bf8fe&_nc_ht=video.fpnh5-5.fna.fbcdn.net&_nc_ohc=sd1f_FkUGpkQ7kNvwGILVlw&efg=eyJ2ZW5jb2RlX3RhZyI6Inhwdl9wcm9ncmVzc2l2ZS5WSV9VU0VDQVNFX1BST0RVQ1RfVFlQRS4uQzMuMzYwLnN2ZV9zZCIsInhwdl9hc3NldF9pZCI6NjU1MzY0NTEzODUxNTE0LCJhc3NldF9hZ2VfZGF5cyI6MzU5LCJ2aV91c2VjYXNlX2lkIjoxMDc5OSwiZHVyYXRpb25fcyI6MTUsInVybGdlbl9zb3VyY2UiOiJ3d3cifQ%3D%3D&ccb=17-1&_nc_gid=FH9i1GvkzOdpwbJuZYst1w&_nc_ss=7a30f&_nc_zt=28&oh=00_Afw-1kZd-aBiZa9Ma2zt_mYAHo3HBbgRpEkg2PAiyASf4A&oe=69C35CC7
Inactive,1831531000718506,23 Dec 2024 - 9 May 2025,Apps-4-Free,https://www.facebook.com/GameApps4Free/,Yes,🍀 The Best SLOT-Machine GAMES! 🍀,https://scontent.fpnh5-4.fna.fbcdn.net/v/t39.35426-6/471226444_1249190953037735_2367565893051426868_n.jpg?stp=dst-jpg_s600x600_tt6&_nc_cat=100&ccb=1-7&_nc_sid=c53f8f&_nc_ohc=b1IKNyW6hCMQ7kNvwFOq9v2&_nc_oc=AdoiLZSgXTMuA4WZeiEW-cEfrkuFN8lWk2CK7KA-NJAB89CuE6KFSRZ8FBXuomZxEeU&_nc_zt=14&_nc_ht=scontent.fpnh5-4.fna&_nc_gid=FH9i1GvkzOdpwbJuZYst1w&_nc_ss=7a30f&oh=00_Afzd3yd2JFoKD-viaUEEzj4hrjM_qpUhB6rJWuXyK44lUw&oe=69C37A76,
Inactive,685199434126589,5 Jun 2025 - 22 Feb 2026,Slots Bingo Free,https://www.facebook.com/SlotsBingoFree/,Yes,🎰 Play The Best SLOT-Machine GAMES!,https://scontent.fpnh5-1.fna.fbcdn.net/v/t39.35426-6/499545232_2243223492760839_6847555145601747815_n.jpg?stp=dst-jpg_s600x600_tt6&_nc_cat=105&ccb=1-7&_nc_sid=c53f8f&_nc_ohc=NX80gYjzafgQ7kNvwHnd4qq&_nc_oc=AdrvEghjFc066H4ewIR_RvEXVQb3qtUt8w12YY0I-iqKHnpUTKJiJJ84QVogJ3OXIwI&_nc_zt=14&_nc_ht=scontent.fpnh5-1.fna&_nc_gid=FH9i1GvkzOdpwbJuZYst1w&_nc_ss=7a30f&oh=00_AfxlLFaafSARA7OiaTO52agKXmI1plPydNIGFCQJO9yPMQ&oe=69C373FD,
Inactive,1962065227538431,13 Jan 2025 - 9 May 2025,Apps-4-Free,https://www.facebook.com/GameApps4Free/,Yes,🍀 The Best SLOT-Machine GAMES! 🍀,https://scontent.fpnh5-4.fna.fbcdn.net/v/t39.35426-6/473383450_1264329131504331_8680706570335232877_n.jpg?stp=dst-jpg_s600x600_tt6&_nc_cat=101&ccb=1-7&_nc_sid=c53f8f&_nc_ohc=bCO6F5ht8xEQ7kNvwG-ycj7&_nc_oc=Adp0aKR95GxfaGbv9rsBDwf8iC9katNVf_gzwsVzoWNoCLWd_oGCZ0fP95oaWiG2nKE&_nc_zt=14&_nc_ht=scontent.fpnh5-4.fna&_nc_gid=FH9i1GvkzOdpwbJuZYst1w&_nc_ss=7a30f&oh=00_Afy-H4aMcDr3UpK2psrELYFJ71lv4S81KdaF5CX-keP6Ig&oe=69C3601D,
Inactive,522669666799546,13 Jan 2025 - 9 May 2025,Apps-4-Free,https://www.facebook.com/GameApps4Free/,Yes,🍀 The Best SLOT-Machine GAMES! 🍀,https://scontent.fpnh5-3.fna.fbcdn.net/v/t39.35426-6/473570871_1124662642528280_7491469691169018947_n.jpg?stp=dst-jpg_s600x600_tt6&_nc_cat=108&ccb=1-7&_nc_sid=c53f8f&_nc_ohc=4lextCqA1j8Q7kNvwHyPwB1&_nc_oc=Adr9syywTBThyA9W4iKE34HOUepIGhagYNHR_nUFCUWrJekeukliAFIOcx9Q1Mnx4nE&_nc_zt=14&_nc_ht=scontent.fpnh5-3.fna&_nc_gid=FH9i1GvkzOdpwbJuZYst1w&_nc_ss=7a30f&oh=00_AfzIMzqXRg7YCqpkgNJOXVcE2wCHcqcIQXrscKu5m9EEXQ&oe=69C37316,
Inactive,1884404252474084,31 Oct 2025 - 7 Nov 2025,Webfic- Make Reading Fantastic,https://www.facebook.com/61552616584831/,Yes,"Avery Whitlock was the ideal woman at Northbridge University that all the guys fantasized about.
However, her private photos were suddenly leaked onto the campus forum one day.

Her reputation was shredded overnight, and the university revoked her direct admission to the master's program. When she walked down the street, strangers jeered, ""How much for a night?""

There could only be one person who had those photos—her boyfriend, Julian Mercer.

Avery ran to Julian's apartment to demand an explanation. She had one hand on the doorknob when voices traveled from the door.

""Julian, that was brutal,"" Ryan Kincaid said, laughing sharply. ""You posted those photos, and Avery's finished. Her direct admission is gone. Let's see if she ever dares challenge Tessa again.""

Logan Hart chimed in, ""Come on! Julian has never liked Avery in the last two years and couldn't even stand to touch her. He sent his brother instead. Just imagine her face if she ever found out!""

The words detonated in Avery's head. She clapped a hand over her mouth to choke back the scream rising in her throat, and the color drained from her face.

Logan elbowed the man sitting beside Julian, who looked so much like him. ""Hey, Jace, you slept with your brother's girlfriend for two years. How's that feel? We're dying to know.""

Jace raised his glass, flashed a crooked grin, and said, ""What else? She's a knockout. She has smooth skin, the sweetest moan, and she lets me do whatever I want to her. Why do you think I'm transferring to Northbridge? It's so I can make out with her whenever I want.""

Julian finally spoke, his voice sounding cold and indifferent, with each word sharp as a blade. ""You've got a few days. Do what you want now. Once Tessa's admission is secured, I'll cut Avery off and ask Tessa to be my girlfriend.""

""Seriously? You're finally making a move on Tessa?"" Ryan whooped. ""You've been into her for years—spoiling her since you were kids. There's only one direct admission slot, and Tessa wanted it badly.

""As soon as you knew Avery was her biggest competition, you started dating Avery and worked out this scheme. Man, who could treat Tessa better than you?""

Every word hit Avery like a blow to the chest. She froze from the inside out. Even her blood felt cold.

So, this was the truth—vile and brutally cruel.

She couldn't stand there for another second. She turned and ran, stumbling down the stairs and into the alley until tears blurred the world.

Her parents were strict to the core, so she had never dated before Julian. She even believed romance was nothing but trouble and a waste of time.

That all changed freshman year, when she was crossing the outdoor courts with an armful of books and a basketball came flying at her face. She flinched, bracing for the hit, but it never came.

A tall, cool guy stepped in and caught the ball.

When she looked up, she met a pair of dark, indifferent eyes.

The setting sun cast gold across his shoulders, and sweat glistened at his temple. He looked carved rather than born, and her heart skipped off script in a way she couldn't explain.

Later, she learned his name—Julian Mercer, the heartthrob everyone at Northbridge admired.

He was born into wealth, and his family's name was stamped on several university buildings they had funded. He was obscenely handsome and coolly aloof about it.

Women across campus lined up to catch his eye, but he ignored them all except for Tessa Simpson, the rising star of the music department.

Avery knew from the start that she and Julian came from different worlds. So, she buried her crush and threw herself into her studies, taking first place in her year again and again.

Then, somehow, she kept running into Julian by coincidence. They crossed paths in the library, in lecture halls, and even in the cafeteria. He always seemed to be nearby.

One day, after cramming too hard, she dozed off at a study table. When she woke up, she found her head resting on Julian's shoulder.

She jerked upright, her cheeks burning, but he caught her wrist. ""Avery, do you want to be my girlfriend?"" he asked in a low voice.

Her mind went blank as a rush of joy flooded her, and she nodded almost dazedly.

Dating him felt ""strange"" from day one.

By day, he was distant, barely texting, and showing up for dates like he was checking a box.

But at night, he became someone else. Hungry, relentless, and always ready with his phone to snap pictures in bed.

The photos made her uneasy, but she brushed them all off. He had always been cool and aloof. He acted distant with her during the day because he was so busy. But at night, he couldn't hold back because he loved her.

She never imagined them to be actually two people. Julian spent the days with her, and Jace shared her bed at night.

To them, she was nothing more than a plaything and a tool for their own pleasure. All they really wanted was to strip away everything she had worked for and hand it to Tessa.

Avery stumbled into an empty alley and sank to the ground. Her tears slipped out in broken sobs that ached all the way to her bones.

Just then, her phone rang. It was her mother.

With trembling hands, Avery picked up.

Margaret Jones didn't waste a word and went straight into a shriek, ""Avery, what are those filthy photos on the campus forum? The Student Affairs office already called me. Do you have any idea how much shame you've brought on this family?""

Her father, Thomas Whitlock, growled in the background, ""We broke our backs for you, and this is how you repay us? You've disgraced us in front of the whole university! Shame on you!""

Avery couldn't get the words out. Her chest clenched until she couldn't breathe.

Her parents had always been exacting. The only time they ever smiled at her was when she took first place or came home with another award.

So, she studied like a machine, depriving herself of everything but excellence, hoping it might win a little more love from them.

Yet, in her worst moment, they offered no concern or trust—just scolding and contempt.

""You're always crying! Is that all you know? Your direct admission is gone! We've already bought you a ticket to Ardenia for the end of the month. You'll stay abroad for a few years until this is forgotten, and only then will you return,"" Margaret said coldly, leaving no room for refusal.

A chill seeped deep into her heart. 

""Okay,"" she replied numbly.

She would go to Ardenia, but she was never coming back.
Chapter 2
Avery hung up and returned to the apartment she shared with Julian, feeling like an empty shell.

She started packing without feeling a thing. She tossed every gift Julian had given her over the past year into the trash—necklaces, bracelets, stuffed animals, and lipstick.

Everything that once felt like proof of love now seemed like a cruel joke.

She was dropping the last necklace into the bin when the lock clicked.

Julian... No, Jace walked in.

He mimicked Julian's cool tone but softened it with a practiced warmth. ""Ave, what are you throwing away?""

Avery looked up with red and swollen eyes, glancing at the face which was so much like Julian's, only younger and more arrogant.

It felt like her chest had been ripped open from the inside. She was in so much pain that she could hardly breathe.

""You don't recognize any of it?"" she asked, her voice ragged and icy.

Jace's smile faltered for a beat, then he pivoted, sounding smooth as ever. ""Your eyes are swollen. Is it because of the photos on the forum? Don't be upset. I've handled it. The posts are gone, and no one's going to talk.

""So what if the direct admission's off the table? You're only a junior. You can try again next year, or just skip grad school. Come work at my company. I'll take care of you.""

The words cut straight through her. She dug her fingers into her palms.

Jace and Julian could win an acting award for their show.

Avery opened her mouth, but Jace was already folding her into his arms. He tucked his chin against her hair. ""Hey, don't cry. It kills me when you do, okay?""

The scent she knew so well closed in around her. His lips brushed her neck while his hands wandered over her body.

On any other night, she might've blushed and let herself be steered. But tonight, cold rolled through her, and her stomach turned.

She shoved him hard.

He was caught off guard. Surprise flashed in his eyes before he smoothed it away. ""What's wrong? Not in the mood?""

""I don't feel well,"" she said, turning her face aside.

He studied her for a few seconds, then gave a short laugh. ""Alright. I'll take a cold shower.""

He didn't force her. He turned and walked into the bathroom.

Avery kept packing and erased every trace of them she could find. When she was finished, she lay down on the bed and turned her back to the bathroom door.

A few minutes later, Jace came out damp and slid in beside her. He held still for a while, then he couldn't help himself. He curled in behind her and kissed the soft spot below her ear and the line of her shoulder.

She stiffened and endured it, drifting on the edge of sleep, until she heard him murmur in a low, muffled voice as he moved against her.

""Tessa...""

The single name hit like an ice pick. Avery snapped awake, a cold ache spreading through her chest.

So, it wasn't only Julian who loved Tessa. Jace had thought of Tessa every time he touched Avery.

She shoved him off again. Her teeth clicked together before the words came out. ""I told you. I don't feel well.""

Her fierce reaction actually shook him. He sensed something was wrong with her and finally let out a long sigh. ""Okay, okay. I won't force you. I'll just hold you, alright?""

He kept his word and only wrapped an arm around her from behind.

Avery lay stiff in the circle of his arm and cried into the pillow without a sound. Pain and disgust burned through her in waves until, sometime near dawn, sleep finally dragged her under.

When she woke, the other side of the bed was empty.

She used to wonder why Julian never walked to campus with her. Now, she had the answer.

He wasn't the one in her bed at night. He had never wanted to be close to her.

Avery got up numbly, washed up, and prepared to go to the university to complete her withdrawal.

She had barely crossed the quad when a student sprinted up and blocked her path. ""Avery! Thank god! Dr. Hale wants you in his office right now! He says it's urgent!""

A sinking feeling settled in her chest. Something bad was coming.

Avery reached the office door and knocked.

""Come in,"" Martin Hale said.

Avery stepped inside and saw Tessa already seated.

Tessa's eyes flickered with smug malice before she shifted her expression to appear fragile and wounded.

Martin's face was clouded over with anger. He slammed two printed theses onto his desk.

""Avery! Tessa! Explain this! Your papers are almost identical, right down to the typos! Academic misconduct is no small matter! Integrity comes first! If one of you copied, speak up now! The university will be more lenient if you're honest!""

Tessa cut in before Avery could speak, ""Dr. Hale, I wrote my paper myself! I don't know why it looks like Avery's, but I didn't plagiarize!""

Avery looked down at the pages and felt her heart sink, but she kept her voice steady. ""Dr. Hale, I wrote mine on my own. I didn't copy anyone.""

Martin pressed a hand to his temple. ""You both insist you didn't copy. So, where's the evidence?""

""I have a witness,"" Tessa said quickly.

Just then, the door opened again, and Julian walked in.",,https://video.fpnh5-2.fna.fbcdn.net/o1/v/t2/f2/m412/AQMqs2lAeuXUlUvt4UZ7YZfAyggkeiKEJ8tKFKCGcy9-gbvJ-zgL2JpbeW4WsR5lIxLi4RXMlJvcKXTClAj93rVxdUgeSu4wvENKAsqkXw.mp4?_nc_cat=107&_nc_oc=AdodLNMBAq8_bHxZdhfJCYZi_hdohpWjlk961ZyNbG5B2ze-YKGE5ma7OclEqklWlug&_nc_sid=8bf8fe&_nc_ht=video.fpnh5-2.fna.fbcdn.net&_nc_ohc=ka-JSfKX-9EQ7kNvwGBLLTS&efg=eyJ2ZW5jb2RlX3RhZyI6Inhwdl9wcm9ncmVzc2l2ZS5WSV9VU0VDQVNFX1BST0RVQ1RfVFlQRS4uQzMuMzYwLnN2ZV9zZCIsInhwdl9hc3NldF9pZCI6MTM2ODk1MDI0NDU3MTYyMCwiYXNzZXRfYWdlX2RheXMiOjE0MCwidmlfdXNlY2FzZV9pZCI6MTAxMzksImR1cmF0aW9uX3MiOjI2MiwidXJsZ2VuX3NvdXJjZSI6Ind3dyJ9&ccb=17-1&_nc_gid=FH9i1GvkzOdpwbJuZYst1w&_nc_ss=7a30f&_nc_zt=28&oh=00_AfwkT6RofHVbA1_Ygl9ia4ept3RTiTlqE3xtVAYq4MXcdg&oe=69C35BCF
Inactive,558177100523993,23 Dec 2024 - 20 Apr 2025,Apps-4-Free,https://www.facebook.com/GameApps4Free/,Yes,🍀 The Best SLOT-Machine GAMES! 🍀,https://scontent.fpnh5-2.fna.fbcdn.net/v/t39.35426-6/471274330_606566615206745_8047743270283342977_n.jpg?stp=dst-jpg_s600x600_tt6&_nc_cat=107&ccb=1-7&_nc_sid=c53f8f&_nc_ohc=ob0gTc0dEwUQ7kNvwFp1DvL&_nc_oc=AdoJwidWustLhxjcevk5qo7QLrNslcWRkW3d1bxW0FiT-kBwRHNtPcwW953qWaE3Ny8&_nc_zt=14&_nc_ht=scontent.fpnh5-2.fna&_nc_gid=VvCPcTJ0SbF-4qjuHs5vNQ&_nc_ss=7a30f&oh=00_Afw5CzrZ9_r_Cem3RmgwNr2ogPIQ5SthtSoFszZPDSmz3A&oe=69C36787,
Inactive,1017137607280354,11 Jun 2025 - 23 Feb 2026,Apps4Free - Social Games,https://www.facebook.com/Apps4FreeSocialSlotsGames/,Yes,🎰 Play The Best SLOT-Machine GAMES!,https://scontent.fpnh5-4.fna.fbcdn.net/v/t39.35426-6/505348141_1685812958796748_7846305668784789075_n.jpg?stp=dst-jpg_s600x600_tt6&_nc_cat=101&ccb=1-7&_nc_sid=c53f8f&_nc_ohc=azAzA2Iy5e4Q7kNvwHMH-rW&_nc_oc=AdpkwsUKbTGZ8RqPSxpVzYXrB4WGU4vi4x7SQQcc1KCzZ4f6tun-4sJrCegohTT3rds&_nc_zt=14&_nc_ht=scontent.fpnh5-4.fna&_nc_gid=VvCPcTJ0SbF-4qjuHs5vNQ&_nc_ss=7a30f&oh=00_AfyRtuQmCg4oSsKTtEkqfEh7o1sB3FmGK6LWOLWNDhSOUw&oe=69C36DC6,
Inactive,1725548581410839,17 Jul 2025 - 23 Feb 2026,Apps-4-Free,https://www.facebook.com/GameApps4Free/,Yes,🍀 The Best SLOT-Machine GAMES! 🍀,https://scontent.fpnh5-4.fna.fbcdn.net/v/t39.35426-6/518975605_1052132953712433_3734039976309304498_n.jpg?stp=dst-jpg_s600x600_tt6&_nc_cat=100&ccb=1-7&_nc_sid=c53f8f&_nc_ohc=RJxQmD56wlIQ7kNvwHf3GH4&_nc_oc=AdqKnmQYQfi9akd6n1tK099RXRhcPfWHYCLeJEVBAPmxlz21tuFlDjqWwWBHIgyi3Vs&_nc_zt=14&_nc_ht=scontent.fpnh5-4.fna&_nc_gid=VvCPcTJ0SbF-4qjuHs5vNQ&_nc_ss=7a30f&oh=00_AfwVdw46yqsyJIARJ2m1AQCeJQ52mUoUmrmRUKz_3YmDFA&oe=69C34F03,
Inactive,1404048370684974,25 Aug 2025 - 22 Feb 2026,Apps-4-Free,https://www.facebook.com/GameApps4Free/,Yes,🍀 The Best SLOT-Machine GAMES 🍀,https://scontent.fpnh5-6.fna.fbcdn.net/v/t39.35426-6/538311597_1630885117871126_1224665795262390425_n.jpg?stp=dst-jpg_s600x600_tt6&_nc_cat=103&ccb=1-7&_nc_sid=c53f8f&_nc_ohc=6DqecgIkvvsQ7kNvwH8uuQB&_nc_oc=AdprgGK9tk2muQoWgGxqNaER2zk9-Y2CU4Yxy6E8GwRQsVd3LIsniou6zSQ0weAqB4A&_nc_zt=14&_nc_ht=scontent.fpnh5-6.fna&_nc_gid=VvCPcTJ0SbF-4qjuHs5vNQ&_nc_ss=7a30f&oh=00_Afwduidhdndlt2SxnrAY7BxYpcTKwD2PZ9ExMv5x9nBjcw&oe=69C36A2C,
Inactive,2381323565658621,13 Jan 2026 - 18 Feb 2026,Slotomania - Slot Machines,https://www.facebook.com/slotomania/,Yes,"🎰🎉Have you met our brand new Holiday Spins Slot Machine?!🎉🎰
Spin NOW🎁",https://scontent.fpnh5-2.fna.fbcdn.net/v/t39.35426-6/615811079_2460431297704880_5688754394162758004_n.jpg?stp=dst-jpg_s600x600_tt6&_nc_cat=102&ccb=1-7&_nc_sid=c53f8f&_nc_ohc=ovm1XnAkYPsQ7kNvwGv0Rrx&_nc_oc=AdoEmLeWhbMEfc7D3AbLse7yW6i6Zwh-LqePas8stQ5DsinInvfhgVk7S7ga0-BExik&_nc_zt=14&_nc_ht=scontent.fpnh5-2.fna&_nc_gid=VvCPcTJ0SbF-4qjuHs5vNQ&_nc_ss=7a30f&oh=00_AfyyBGUNWWSX2h3bCQIVFLPOYwIInUvCnNKDiQUJNoxxPw&oe=69C3675F,
Inactive,1336197664108340,14 May 2025 - 23 Feb 2026,Slots Bingo Free,https://www.facebook.com/SlotsBingoFree/,Yes,🎰 Play The Best SLOT-Machine GAMES!,https://scontent.fpnh5-1.fna.fbcdn.net/v/t39.35426-6/497611412_584804104089881_6757461089658530845_n.jpg?stp=dst-jpg_s600x600_tt6&_nc_cat=105&ccb=1-7&_nc_sid=c53f8f&_nc_ohc=FO6-HANaSo4Q7kNvwFCTX39&_nc_oc=AdqEbUeJTBCFUhYBJcFYrpp-4Ivk62psKouWFOZeFlStMMkVPDjDjKPEMueIyegUeWA&_nc_zt=14&_nc_ht=scontent.fpnh5-1.fna&_nc_gid=VvCPcTJ0SbF-4qjuHs5vNQ&_nc_ss=7a30f&oh=00_Afxe-Cz1XnlKBsB9jFqV2_21oufV0aX3VCFJL5lwTUwVoA&oe=69C37CCF,
Inactive,1048065697494887,3 Aug 2025 - 27 Aug 2025,Slotomania - Slot Machines,https://www.facebook.com/slotomania/,Yes,"🎰🎉Have you met our brand new Cleopatra II Slot Machine, Straight from the Casino Floors?!🎉🎰
Spin NOW🎁",https://scontent.fpnh5-2.fna.fbcdn.net/v/t39.35426-6/528047404_1252452859428981_2103555070798591981_n.jpg?stp=dst-jpg_s600x600_tt6&_nc_cat=109&ccb=1-7&_nc_sid=c53f8f&_nc_ohc=rPOG06UJzDIQ7kNvwFpi8hx&_nc_oc=AdrJrqXP8FPBAA02nCWWcuJJl-mq4uY9NMFKMRK84i9-N9hNibDV70pqeIM3W8JiDBU&_nc_zt=14&_nc_ht=scontent.fpnh5-2.fna&_nc_gid=VvCPcTJ0SbF-4qjuHs5vNQ&_nc_ss=7a30f&oh=00_AfzUjrnztSmwy--Wj7yhypIY2gjP6eVOmVqLYOJvRnJCJA&oe=69C36AAC,
Inactive,994250162556021,4 Feb 2025 - 9 May 2025,Apps-4-Free,https://www.facebook.com/GameApps4Free/,Yes,🍀 Play The Best SLOT-Machine GAMES! 🍀,https://scontent.fpnh5-5.fna.fbcdn.net/v/t39.35426-6/476116087_943092987970331_8447783709455061484_n.jpg?stp=dst-jpg_s600x600_tt6&_nc_cat=111&ccb=1-7&_nc_sid=c53f8f&_nc_ohc=PYFUjKzxY8EQ7kNvwG9n7VM&_nc_oc=AdrEzgZeYrqHW-XAfDMpccrqsPVPzGWHfShsrXPTUPRMKXJSZrm8KkRCkCTtORZ470s&_nc_zt=14&_nc_ht=scontent.fpnh5-5.fna&_nc_gid=VvCPcTJ0SbF-4qjuHs5vNQ&_nc_ss=7a30f&oh=00_Afz5YGe0K8gwThqsiZiL6euu3V8GmL_zTzj-Mzhkow6zuA&oe=69C36595,
Inactive,1154968719522003,28 Oct 2025 - 5 Jan 2026,Slotomania - Slot Machines,https://www.facebook.com/slotomania/,Yes,"🎰Farm Fortune Molezilla is Waiting for YOU 🎰
It's time to Spin some FUN on our Hottest Slot Machine 😍",,https://video.fpnh5-5.fna.fbcdn.net/o1/v/t2/f2/m412/AQPQmMzQ8gXoR_uSYaSzWGTTQ4rP2s4jKuHe34e7cBfMUPK7-7GWqMfr6rS8XPBzbicwU7VGADOAWFRzaYVNGq9YqRGPHrcRHqM_eSLy1A.mp4?_nc_cat=111&_nc_oc=Ado4wDfueM1dMFnSOy43cXZCPbI-deE2hV_tdggQXOZcNn59DqrrLi5a0Vtp2aKSteU&_nc_sid=8bf8fe&_nc_ht=video.fpnh5-5.fna.fbcdn.net&_nc_ohc=1_0VRXrpl4EQ7kNvwHQ1nAk&efg=eyJ2ZW5jb2RlX3RhZyI6Inhwdl9wcm9ncmVzc2l2ZS5WSV9VU0VDQVNFX1BST0RVQ1RfVFlQRS4uQzMuMzYwLnN2ZV9zZCIsInhwdl9hc3NldF9pZCI6ODM1NzIxMzc4OTQxNzI0LCJhc3NldF9hZ2VfZGF5cyI6MTQzLCJ2aV91c2VjYXNlX2lkIjoxMDc5OSwiZHVyYXRpb25fcyI6MjUsInVybGdlbl9zb3VyY2UiOiJ3d3cifQ%3D%3D&ccb=17-1&_nc_gid=VvCPcTJ0SbF-4qjuHs5vNQ&_nc_ss=7a30f&_nc_zt=28&oh=00_AfxdXGKj4Srs_Unj6NMg8VBcCxXBh4UWv97mniXRCalaMQ&oe=69C3634B
Inactive,24282915388028084,29 Jul 2025 - 20 Aug 2025,John Benjamin Bonayon,https://www.facebook.com/61576231572595/,Yes,,,
Inactive,1160505685729831,1 Apr 2025 - 3 Aug 2025,Slotomania - Slot Machines,https://www.facebook.com/slotomania/,Yes,"❤JUST FOR YOU! 💰
🎰Spin 50 Times ON ANY SLOT MACHINE🎰
And GET 
🎉CivilTreasures Game Mania Opened for 24 Hours 🎁
We Miss You! Come Back and Enjoy the Mania 🙆‍♀️😍",,https://video.fpnh5-2.fna.fbcdn.net/v/t42.1790-2/486554462_1024684103097199_7684008482995583491_n.mp4?_nc_cat=109&ccb=1-7&_nc_sid=c53f8f&_nc_ohc=NPmmWXmU9JEQ7kNvwEiKfHj&_nc_oc=AdrULbZq4_t8QqQrdZGGIysJEzLygvSMLJCOfzj_RbV4n_1jgeL_zycLImmE-8gaX-0&_nc_zt=28&_nc_ht=video.fpnh5-2.fna&_nc_gid=J0HqcZzlHiGbhYjKoy1uzg&_nc_ss=7a30f&oh=00_AfzojEHgh30wGrwCaahVAtrXVfTisBQOx-hjQK-Dr3c15Q&oe=69C36558
Inactive,655646914235996,27 Aug 2025 - 10 Sep 2025,Slotomania - Slot Machines,https://www.facebook.com/slotomania/,Yes,"🎰🎉Have you met our brand new Cleopatra II Slot Machine, Straight from the Casino Floors?!🎉🎰
Spin NOW🎁",https://scontent.fpnh5-3.fna.fbcdn.net/v/t39.35426-6/526739275_2267967746968870_5688222881234883197_n.jpg?stp=dst-jpg_s600x600_tt6&_nc_cat=108&ccb=1-7&_nc_sid=c53f8f&_nc_ohc=xqPQWIVPmyYQ7kNvwHoRXjo&_nc_oc=Adr0zFYLcpR47O6AFiy2ewjiKAmW8endNBq_CseS3WN1V-EopUOHRTvFLwRCFjVNnpg&_nc_zt=14&_nc_ht=scontent.fpnh5-3.fna&_nc_gid=J0HqcZzlHiGbhYjKoy1uzg&_nc_ss=7a30f&oh=00_AfxDHTckKT45nD3OtBu0fGCQITSjyz2ET_p_Mns-Nq_cTw&oe=69C350EE,
Inactive,4280577935491476,9 Feb 2026 - 2 Mar 2026,Next Drama,https://www.facebook.com/61553972073461/,Yes,"Six years ago, a drugged beauty CEO mistook me for her “cure.” 💊
Since then, I’ve been breaking my back on construction sites… just to save my foster mom.
Underpaid. Mocked. Humiliated. Beaten like trash...
Right at my lowest—
A luxury car screeched to a stop 🚗, the beauty CEO stepped out… And her child ran to me yelling, “Dad!” 😱

🔥 WATCH NOW – [ENG DUB] Bricklaying for Six Years, My Goddess Proposes to Me 🔥
#GoodShort #UnexpectedDaughter #CEOProposal #mustwatch",,https://video.fpnh5-4.fna.fbcdn.net/o1/v/t2/f2/m412/AQN6NpZyj_jNbvCpvbd0cagrWKdtYtfQYAHhYse9PVxDP9cKSW9KN2JtCePSVxF2ulmUYd8Cs-p2aaE1Za79fJ5YC35rapBwjlpv7VFouA.mp4?_nc_cat=100&_nc_oc=AdomjHztyIDoqJ7opNXDljayoMqTBDVClSXYgGp4qooWJtfBBWtWGyPGSKWjweQvMyE&_nc_sid=8bf8fe&_nc_ht=video.fpnh5-4.fna.fbcdn.net&_nc_ohc=PXng7V96JdgQ7kNvwEshbcs&efg=eyJ2ZW5jb2RlX3RhZyI6Inhwdl9wcm9ncmVzc2l2ZS5WSV9VU0VDQVNFX1BST0RVQ1RfVFlQRS4uQzMuMzYwLnN2ZV9zZCIsInhwdl9hc3NldF9pZCI6MTQ0MTMyMzc1NzYzNDE4MiwiYXNzZXRfYWdlX2RheXMiOjQ2LCJ2aV91c2VjYXNlX2lkIjoxMDEzOSwiZHVyYXRpb25fcyI6MTY2OCwidXJsZ2VuX3NvdXJjZSI6Ind3dyJ9&ccb=17-1&_nc_gid=J0HqcZzlHiGbhYjKoy1uzg&_nc_ss=7a30f&_nc_zt=28&oh=00_AfwG3UkxzVDX_b8p3JUNgCBh-VcZlGHuxcZY7QehkIQiyQ&oe=69C3757A
Inactive,1183110733420876,28 Feb 2025 - 10 Jul 2025,Alibaba.com,https://www.facebook.com/Alibaba.comGlobal/,Yes,Source Sports & Entertainment on Alibaba.com. Alibaba.com-World's Leading B2B Marketplace.,https://scontent.fpnh5-2.fna.fbcdn.net/v/t39.35426-6/457379811_1496754714565237_3369199377696382602_n.jpg?stp=dst-jpg_s600x600_tt6&_nc_cat=102&ccb=1-7&_nc_sid=c53f8f&_nc_ohc=GwWP0JTZwMcQ7kNvwEMPV9b&_nc_oc=AdqD1JBmoAbgD8iDPD-l3IFibLCGthuV16GbbA8EG8fBjEXiD2y34UmBHYGVLSzyZxM&_nc_zt=14&_nc_ht=scontent.fpnh5-2.fna&_nc_gid=J0HqcZzlHiGbhYjKoy1uzg&_nc_ss=7a30f&oh=00_Afx3h_t4keDskh_Pr0FFH30UqbDn-l-_HSL9EREmtD-cgw&oe=69C35351,
Inactive,26077302645204012,9 Oct 2025 - 22 Dec 2025,Apps-4-Free,https://www.facebook.com/GameApps4Free/,Yes,🍀 The Best SLOT-Machine GAMES 🍀,https://scontent.fpnh5-2.fna.fbcdn.net/v/t39.35426-6/558186890_782928657922103_8269538424765238516_n.jpg?stp=dst-jpg_s600x600_tt6&_nc_cat=109&ccb=1-7&_nc_sid=c53f8f&_nc_ohc=KhQs96saFwwQ7kNvwGeHxeS&_nc_oc=Adohu4iHDkwW8w0b67fNQ1aIWXJPSgrUDoLnhCSoMHQJ-usGcD2GEmGuitvN2Jy6H-E&_nc_zt=14&_nc_ht=scontent.fpnh5-2.fna&_nc_gid=J0HqcZzlHiGbhYjKoy1uzg&_nc_ss=7a30f&oh=00_AfyEYPs2aRAByS96FfkUotvtw0ACOexpXNmh-Um_OABIvg&oe=69C357C7,
Inactive,925503039957039,28 Feb 2026 - 14 Mar 2026,Overlord movie,https://www.facebook.com/61556931122874/,Yes,"Six years ago, a drugged beauty CEO mistook me for her “cure.” 💊
Since then, I’ve been breaking my back on construction sites… just to save my foster mom.
Underpaid. Mocked. Humiliated. Beaten like trash...
Right at my lowest—
A luxury car screeched to a stop 🚗, the beauty CEO stepped out… And her child ran to me yelling, “Dad!” 😱

🔥 WATCH NOW – [ENG DUB] Bricklaying for Six Years, My Goddess Proposes to Me 🔥
#GoodShort #UnexpectedDaughter #CEOProposal #mustwatch",,https://video.fpnh5-4.fna.fbcdn.net/o1/v/t2/f2/m412/AQN6NpZyj_jNbvCpvbd0cagrWKdtYtfQYAHhYse9PVxDP9cKSW9KN2JtCePSVxF2ulmUYd8Cs-p2aaE1Za79fJ5YC35rapBwjlpv7VFouA.mp4?_nc_cat=100&_nc_oc=AdomjHztyIDoqJ7opNXDljayoMqTBDVClSXYgGp4qooWJtfBBWtWGyPGSKWjweQvMyE&_nc_sid=8bf8fe&_nc_ht=video.fpnh5-4.fna.fbcdn.net&_nc_ohc=PXng7V96JdgQ7kNvwEshbcs&efg=eyJ2ZW5jb2RlX3RhZyI6Inhwdl9wcm9ncmVzc2l2ZS5WSV9VU0VDQVNFX1BST0RVQ1RfVFlQRS4uQzMuMzYwLnN2ZV9zZCIsInhwdl9hc3NldF9pZCI6MTQ0MTMyMzc1NzYzNDE4MiwiYXNzZXRfYWdlX2RheXMiOjQ2LCJ2aV91c2VjYXNlX2lkIjoxMDEzOSwiZHVyYXRpb25fcyI6MTY2OCwidXJsZ2VuX3NvdXJjZSI6Ind3dyJ9&ccb=17-1&_nc_gid=J0HqcZzlHiGbhYjKoy1uzg&_nc_ss=7a30f&_nc_zt=28&oh=00_AfwG3UkxzVDX_b8p3JUNgCBh-VcZlGHuxcZY7QehkIQiyQ&oe=69C3757A
Inactive,1457119395722430,13 Jul 2025 - 22 Oct 2025,Apps-4-Free,https://www.facebook.com/GameApps4Free/,Yes,🍀 The Best SLOT-Machine GAMES 🍀,https://scontent.fpnh5-3.fna.fbcdn.net/v/t39.35426-6/518078617_750303227386053_4895730904991942937_n.jpg?stp=dst-jpg_s600x600_tt6&_nc_cat=108&ccb=1-7&_nc_sid=c53f8f&_nc_ohc=H0LkyLI7yPEQ7kNvwFohyUF&_nc_oc=Adp34XXUGaz6YoyKUqW-TwFjK08_eUrMHa_wxwNd8wfM8zrldikr0bifAsGL-bru3O0&_nc_zt=14&_nc_ht=scontent.fpnh5-3.fna&_nc_gid=J0HqcZzlHiGbhYjKoy1uzg&_nc_ss=7a30f&oh=00_AfxBYelkZTC_MPz-kL7WrMSUZ_hoIlNCzsy6z34k4UxBwQ&oe=69C353C3,
Inactive,1130926198808644,3 Nov 2025 - 15 Feb 2026,Slotomania - Slot Machines,https://www.facebook.com/slotomania/,Yes,"❤JUST FOR YOU! 💰
🎰Spin 100 Times ON ANY SLOT MACHINE🎰
And GET 
🎉CivilTreasures Game Mania Opened for 24 Hours 🎁
We Miss You! Come Back and Enjoy the Mania 🙆‍♀️😍",,https://video.fpnh5-4.fna.fbcdn.net/o1/v/t2/f2/m412/AQOlrsD8FQTM7rTGYKL6rms46r22H6bbcm-pkWX-szp2NWvBjb692zfnugt_f9Q9Jm_NKv4P3z3f552oLZQ-GjIExfB9vHFK3vYMyVWDgg.mp4?_nc_cat=100&_nc_oc=Adp9PAu6M_YDEJXcjn3DvAT_YLVnrhEVKwd0wkJCsauHP66H-xUnOX8GJ2JTc9YBtZY&_nc_sid=8bf8fe&_nc_ht=video.fpnh5-4.fna.fbcdn.net&_nc_ohc=D2zRN5wVN-cQ7kNvwHgGp_f&efg=eyJ2ZW5jb2RlX3RhZyI6Inhwdl9wcm9ncmVzc2l2ZS5WSV9VU0VDQVNFX1BST0RVQ1RfVFlQRS4uQzMuMzYwLnN2ZV9zZCIsInhwdl9hc3NldF9pZCI6MTQzNTg5MTA4NzUwNjQ0MSwiYXNzZXRfYWdlX2RheXMiOjE2MywidmlfdXNlY2FzZV9pZCI6MTA3OTksImR1cmF0aW9uX3MiOjE1LCJ1cmxnZW5fc291cmNlIjoid3d3In0%3D&ccb=17-1&_nc_gid=J0HqcZzlHiGbhYjKoy1uzg&_nc_ss=7a30f&_nc_zt=28&oh=00_AfwJdvlZGs_o9CrTV2X-yHQgQx1O4kmvSvE40lIqo9nZvA&oe=69C363FA
Inactive,787306527276937,28 Sep 2025 - 3 Dec 2025,Apps4Free - Social Games,https://www.facebook.com/Apps4FreeSocialSlotsGames/,Yes,🎰 Play The Best SLOT-Machine GAMES!,https://scontent.fpnh5-4.fna.fbcdn.net/v/t39.35426-6/556033952_668111579227175_6626236081275994084_n.jpg?stp=dst-jpg_s600x600_tt6&_nc_cat=110&ccb=1-7&_nc_sid=c53f8f&_nc_ohc=J9TTS24LuDgQ7kNvwGYxKJd&_nc_oc=Ado-D_Qwk3jCI3fnUvKJvrv6x0Hzu9neWRYs8jJgvX8RWzss73Sv6l4yYnY3IjXOPHU&_nc_zt=14&_nc_ht=scontent.fpnh5-4.fna&_nc_gid=usd38dHrniViMlTn9DAbQQ&_nc_ss=7a30f&oh=00_AfwSoQYTio5qHeeaPkHglUF_thVOJuMttQ5ola1rQvJQ1w&oe=69C37B32,
Inactive,1263402914713862,3 Aug 2025 - 27 Aug 2025,Slotomania - Slot Machines,https://www.facebook.com/slotomania/,Yes,"🎰🎉Have you met our brand new Cleopatra II Slot Machine, Straight from the Casino Floors?!🎉🎰
Spin NOW🎁",https://scontent.fpnh5-3.fna.fbcdn.net/v/t39.35426-6/526739275_2267967746968870_5688222881234883197_n.jpg?stp=dst-jpg_s600x600_tt6&_nc_cat=108&ccb=1-7&_nc_sid=c53f8f&_nc_ohc=xqPQWIVPmyYQ7kNvwHoRXjo&_nc_oc=Adr0zFYLcpR47O6AFiy2ewjiKAmW8endNBq_CseS3WN1V-EopUOHRTvFLwRCFjVNnpg&_nc_zt=14&_nc_ht=scontent.fpnh5-3.fna&_nc_gid=usd38dHrniViMlTn9DAbQQ&_nc_ss=7a30f&oh=00_AfxMMCvwVKuDllexRzEP3ZiGaOA7fvGL7eIwxAKlXdkPiw&oe=69C350EE,
Inactive,702965598883812,8 May 2025 - 22 Feb 2026,Slots Bingo Free,https://www.facebook.com/SlotsBingoFree/,Yes,🎰 Play The Best SLOT-Machine GAMES!,https://scontent.fpnh5-1.fna.fbcdn.net/v/t39.35426-6/495808744_1746226039637273_36087599551895367_n.jpg?stp=dst-jpg_s600x600_tt6&_nc_cat=105&ccb=1-7&_nc_sid=c53f8f&_nc_ohc=XQm89AVymEQQ7kNvwFJIN1t&_nc_oc=AdpzVzzD8RigkTDyo7uo1no-KtQBlLRUeeFadD182W9n8xeM-N7sNa9UU4SCdaMUjpw&_nc_zt=14&_nc_ht=scontent.fpnh5-1.fna&_nc_gid=usd38dHrniViMlTn9DAbQQ&_nc_ss=7a30f&oh=00_Afz_rZKA9FYyI9Tgjb6ULeGK4weUZd3FD6TQj5gl6BMtqg&oe=69C37846,
Inactive,619527133938531,13 Jan 2025 - 31 Mar 2025,Slots Bingo Free,https://www.facebook.com/SlotsBingoFree/,Yes,🎰 Play The Best SLOT-Machine GAMES!,https://scontent.fpnh5-4.fna.fbcdn.net/v/t39.35426-6/473442396_570695445791814_5342205999169960408_n.jpg?stp=dst-jpg_s600x600_tt6&_nc_cat=110&ccb=1-7&_nc_sid=c53f8f&_nc_ohc=JAOOlk5dhhUQ7kNvwHYftJg&_nc_oc=AdqoTxj0BU8FlZlGA1472wtEWKp52BQNd4Lo6WcN7eVBfWnFrfON80FT1AZS9b_jZC0&_nc_zt=14&_nc_ht=scontent.fpnh5-4.fna&_nc_gid=usd38dHrniViMlTn9DAbQQ&_nc_ss=7a30f&oh=00_AfwOUXENHhWJT11nn0zq1Fr2vWZkLPCpMBfUN_xEf-eC3A&oe=69C36B77,
Inactive,2203439846744225,25 Aug 2025 - 23 Feb 2026,Apps-4-Free,https://www.facebook.com/GameApps4Free/,Yes,🍀 The Best SLOT-Machine GAMES 🍀,https://scontent.fpnh5-2.fna.fbcdn.net/v/t39.35426-6/539198876_1749863565649482_2570042560966361434_n.jpg?stp=dst-jpg_s600x600_tt6&_nc_cat=102&ccb=1-7&_nc_sid=c53f8f&_nc_ohc=eN2L9EDDGrgQ7kNvwGYA7Uz&_nc_oc=AdqsQFyDCi7uCtfOjpUuWcjqL2NjN1FbiN60lRKg29Oo6m2sRwLB24GMpmPRDurvxrw&_nc_zt=14&_nc_ht=scontent.fpnh5-2.fna&_nc_gid=usd38dHrniViMlTn9DAbQQ&_nc_ss=7a30f&oh=00_Afxpd8eFH0cVbthzZ9C_4j8rIfAz9kNF97_9EZSM_SEimg&oe=69C3494C,
Inactive,1236010011715475,23 Dec 2025 - 23 Feb 2026,Slots Bingo Free,https://www.facebook.com/SlotsBingoFree/,Yes,🎰 Play The Best SLOT-Machine GAMES!,https://scontent.fpnh5-6.fna.fbcdn.net/v/t39.35426-6/602958917_1609398923803969_6516524695117744250_n.jpg?stp=dst-jpg_s600x600_tt6&_nc_cat=103&ccb=1-7&_nc_sid=c53f8f&_nc_ohc=II_rNH65HGkQ7kNvwFcjxh_&_nc_oc=AdrX7LazZKAGrEugQRo1gUx2YlEyNJA8-2HL_aPfZnAjC9zPKxm3tRQWCcdzxgNnO7w&_nc_zt=14&_nc_ht=scontent.fpnh5-6.fna&_nc_gid=usd38dHrniViMlTn9DAbQQ&_nc_ss=7a30f&oh=00_AfyuJ-s6vJeLltGHp6ybjfhKyVnxM6hXvxFtyMwJy7sHWw&oe=69C373A9,
Inactive,537014786008226,29 Dec 2024 - 9 May 2025,Apps4Free - Social Games,https://www.facebook.com/Apps4FreeSocialSlotsGames/,Yes,🎰 Play The Best SLOT-Machine GAMES!,https://scontent.fpnh5-4.fna.fbcdn.net/v/t39.35426-6/471429297_1347163489991282_8861820716830916062_n.jpg?stp=dst-jpg_s600x600_tt6&_nc_cat=110&ccb=1-7&_nc_sid=c53f8f&_nc_ohc=R4mZqG0yVc8Q7kNvwEHOBZC&_nc_oc=AdpBBQW7UELAE8otivjAX6wtoimFjvcAphGJyxaiACLrX0COTv8g41TXJsgnXQUfM6A&_nc_zt=14&_nc_ht=scontent.fpnh5-4.fna&_nc_gid=usd38dHrniViMlTn9DAbQQ&_nc_ss=7a30f&oh=00_AfyqqudGcKxZ3cQJG5rk49wzQsOlLFSA4gi67uKnfyf-kg&oe=69C361ED,
Inactive,8947701218683757,5 Jan 2025 - 8 May 2025,Apps4Free - Social Games,https://www.facebook.com/Apps4FreeSocialSlotsGames/,Yes,🎰 Play The Best SLOT-Machine GAMES!,https://scontent.fpnh5-4.fna.fbcdn.net/v/t39.35426-6/472357865_1665816254354127_4173004257235839463_n.jpg?stp=dst-jpg_s600x600_tt6&_nc_cat=100&ccb=1-7&_nc_sid=c53f8f&_nc_ohc=A4DP91qJMxMQ7kNvwFZewXI&_nc_oc=AdqUCoRjnyZpQ9tDgpKmBa2Hc_98Iuprv-_2FMb6NqzwSK-Roct_IbBW1rV91Ey70NY&_nc_zt=14&_nc_ht=scontent.fpnh5-4.fna&_nc_gid=usd38dHrniViMlTn9DAbQQ&_nc_ss=7a30f&oh=00_AfwIesVBmkeOoNElw10hjLjiuQocfpeZK8S-ZSvIxlI7Vg&oe=69C35166,
Inactive,839250755742555,13 Nov 2025 - 2 Dec 2025,Slots Heart Casino -Free Slot Machines,https://www.facebook.com/PlayHeartCasino/,Yes,"🎰Kangaroo Outback is here! 🐨
Get exciting Bonus rewards today!",https://scontent.fpnh5-4.fna.fbcdn.net/v/t39.35426-6/580941536_827915443269807_6454582051816805191_n.jpg?stp=dst-jpg_s600x600_tt6&_nc_cat=101&ccb=1-7&_nc_sid=c53f8f&_nc_ohc=H0I-QI5l_ocQ7kNvwFxpjTU&_nc_oc=AdoQOY5aGR1M_YfG7NxnNYL-kjEw3td8jSO5RJ5zz8FOsMp9NI3NsiIvfH8CPD74CcI&_nc_zt=14&_nc_ht=scontent.fpnh5-4.fna&_nc_gid=ELy-o9EpH0wjZ9EqhzCVpQ&_nc_ss=7a30f&oh=00_Afwl66y9qAlk8o4Qr5IrBlBDQ6f26xUVOovsMWho8BSRPw&oe=69C3610A,
Inactive,1394966398530918,2 Jan 2025 - 8 May 2025,Slots Bingo Free,https://www.facebook.com/SlotsBingoFree/,Yes,🎰 Play The Best SLOT-Machine GAMES!,https://scontent.fpnh5-1.fna.fbcdn.net/v/t39.35426-6/472374213_1284047939379636_6130403851840290653_n.jpg?stp=dst-jpg_s600x600_tt6&_nc_cat=105&ccb=1-7&_nc_sid=c53f8f&_nc_ohc=QOUqdA_d9sAQ7kNvwGWSqlm&_nc_oc=Adq5u2MxwJQ252UHxZVeV82U7XxQWxwEbmFGmXyWgokOOVl9mOgwKTQ0ORq64W7HF6Q&_nc_zt=14&_nc_ht=scontent.fpnh5-1.fna&_nc_gid=ELy-o9EpH0wjZ9EqhzCVpQ&_nc_ss=7a30f&oh=00_AfyskVsDnElrKXXWDhG1j0oWbS0UIJmTNVGZl-rTo_sJog&oe=69C355BA,
Inactive,1090706646493299,24 Jul 2025 - 3 Aug 2025,Slotomania - Slot Machines,https://www.facebook.com/slotomania/,Yes,"🎰🎉Have you met our brand new Cleopatra II Slot Machine, Straight from the Casino Floors?!🎉🎰
Spin NOW🎁",https://scontent.fpnh5-3.fna.fbcdn.net/v/t39.35426-6/522437247_24021434954165831_934101754029687790_n.jpg?stp=dst-jpg_s600x600_tt6&_nc_cat=106&ccb=1-7&_nc_sid=c53f8f&_nc_ohc=L85e226ReBQQ7kNvwFY5hYV&_nc_oc=Adokl6NbESmxXtyqYWe2UKecK_JNIa8JROZRndH7ePzzoPJc0wk2tp5s3LlKAQeI_DE&_nc_zt=14&_nc_ht=scontent.fpnh5-3.fna&_nc_gid=ELy-o9EpH0wjZ9EqhzCVpQ&_nc_ss=7a30f&oh=00_Afz8ddZuZuq_Dvo8K864W7gtr2giZ34MQmxLT8RfPCyL5A&oe=69C35523,
Inactive,1972524733286662,3 Sep 2025 - 24 Sep 2025,Tank Pack Attack,https://www.facebook.com/61579603290737/,Yes,Can You Create the ULTIMATE Weapon?,,https://video.fpnh5-2.fna.fbcdn.net/o1/v/t2/f2/m366/AQM93eRyFOOb2GIPRX2VZUY8DA3ZjNlkUjFlbyo6YwgYZSHa2h-u5lPSjRyoifdzQK-5t1z6whxiNBpTff9X6dxy-qhCxNXXiOrbbz7M0Q.mp4?_nc_cat=107&_nc_oc=AdpPOMnyKi17PkDmlY7YoY0uUrRFNHea8AoDsDfT2XTYRlZYH73dKIjfj64twJhsL4w&_nc_sid=8bf8fe&_nc_ht=video.fpnh5-2.fna.fbcdn.net&_nc_ohc=K0l6CJ_W7xcQ7kNvwG0qtMy&efg=eyJ2ZW5jb2RlX3RhZyI6Inhwdl9wcm9ncmVzc2l2ZS5WSV9VU0VDQVNFX1BST0RVQ1RfVFlQRS4uQzMuMzYwLnN2ZV9zZCIsInhwdl9hc3NldF9pZCI6NzU1NjcyMDYwNTgzMTUzLCJhc3NldF9hZ2VfZGF5cyI6MTk4LCJ2aV91c2VjYXNlX2lkIjoxMDc5OSwiZHVyYXRpb25fcyI6NTAsInVybGdlbl9zb3VyY2UiOiJ3d3cifQ%3D%3D&ccb=17-1&_nc_gid=ELy-o9EpH0wjZ9EqhzCVpQ&_nc_ss=7a30f&_nc_zt=28&oh=00_AfwcYZDCOoC0yyww8mkZxCKWNua3VS2dj_5na2qBGEeNQg&oe=69C35AFB
Inactive,1705500616709990,8 May 2025 - 9 Jul 2025,Apps-4-Free,https://www.facebook.com/GameApps4Free/,Yes,🍀 The Best SLOT-Machine GAMES! 🍀,https://scontent.fpnh5-2.fna.fbcdn.net/v/t39.35426-6/495371493_1235348071258990_3143452963820279964_n.jpg?stp=dst-jpg_s600x600_tt6&_nc_cat=102&ccb=1-7&_nc_sid=c53f8f&_nc_ohc=uDWPsPwkXjYQ7kNvwFP7pvn&_nc_oc=AdpW2QuNOLNy4sZ5omVwyMrQY-k-5JJNB2FhJ6voyeuKBNcjhFuRChdrxOLqbpZ3zg4&_nc_zt=14&_nc_ht=scontent.fpnh5-2.fna&_nc_gid=ELy-o9EpH0wjZ9EqhzCVpQ&_nc_ss=7a30f&oh=00_AfxltThe-CVMm6DbMOpeW5kz7R-BXECZc2tzPbLq1_ageg&oe=69C34B41,
Inactive,1181032006941883,23 Mar 2025 - 8 May 2025,Apps-4-Free,https://www.facebook.com/GameApps4Free/,Yes,🍀 The Best SLOT-Machine GAMES! 🍀,https://scontent.fpnh5-3.fna.fbcdn.net/v/t39.35426-6/484108284_1168985001532560_512947774367895804_n.jpg?stp=dst-jpg_s600x600_tt6&_nc_cat=104&ccb=1-7&_nc_sid=c53f8f&_nc_ohc=J_9N7tClW1IQ7kNvwFkcXFl&_nc_oc=AdqBwvFqNvg_oc88EIBtthNLjiNNDx-ve5JK9NiwKstywyltUcDq-OjiARKDGt0I9jM&_nc_zt=14&_nc_ht=scontent.fpnh5-3.fna&_nc_gid=ELy-o9EpH0wjZ9EqhzCVpQ&_nc_ss=7a30f&oh=00_AfzSH4AnZWjZIU_62emO0VhE3QfsquPnZ2cgcGSH0IuNUA&oe=69C34C0A,
Inactive,1287297473065141,6 Jul 2025 - 3 Aug 2025,Slotomania - Slot Machines,https://www.facebook.com/slotomania/,Yes,😍🎉Slotomania's Winning Spins Slot Machine is HERE! Go have a Spin...🏆🎰,,https://video.fpnh5-1.fna.fbcdn.net/o1/v/t2/f2/m69/AQOm5iDccusKeCjj8RKqszLwerrUl6PRIoaOc28IS_uOBAvC63VosXFmZzo9n5KPcqctRIXtxw8xBb4WHfGegsTB.mp4?strext=1&_nc_cat=105&_nc_oc=Adou-hhOzklAFb7x15LubNx5x8fsiD32x7TXLb9D7D_2Zl7pvNbwrtuosJQ2ir17tYQ&_nc_sid=8bf8fe&_nc_ht=video.fpnh5-1.fna.fbcdn.net&_nc_ohc=d1gDNF4LnwYQ7kNvwGq2e4Q&efg=eyJ2ZW5jb2RlX3RhZyI6Inhwdl9wcm9ncmVzc2l2ZS5WSV9VU0VDQVNFX1BST0RVQ1RfVFlQRS4uQzMuNjQwLnN2ZV9zZCIsInhwdl9hc3NldF9pZCI6MTkwNzY5NjAxNjY2OTQ5NiwiYXNzZXRfYWdlX2RheXMiOjMzNCwidmlfdXNlY2FzZV9pZCI6MTA3OTksImR1cmF0aW9uX3MiOjMwLCJ1cmxnZW5fc291cmNlIjoid3d3In0%3D&ccb=17-1&_nc_gid=ELy-o9EpH0wjZ9EqhzCVpQ&_nc_ss=7a30f&_nc_zt=28&oh=00_AfzXXogd-d_caYhoFNOLDJ8HAlv8ftP47ddV-EDNB2UCsg&oe=69C36311
Inactive,2025162467979862,8 May 2025 - 14 Jan 2026,Apps4Free - Social Games,https://www.facebook.com/Apps4FreeSocialSlotsGames/,Yes,🍀 Play The Best SLOT-Machine GAMES 🍀,https://scontent.fpnh5-3.fna.fbcdn.net/v/t39.35426-6/480992340_1185362162904218_4371806334248747633_n.jpg?stp=dst-jpg_s600x600_tt6&_nc_cat=106&ccb=1-7&_nc_sid=c53f8f&_nc_ohc=lSdfjBfFoNsQ7kNvwFd9F9_&_nc_oc=AdrusAYQb2TbuyTERcTWE3q_oj404n9hIcO0cCPOr8-iy4JNsFokwneKOFIfp7NC7RY&_nc_zt=14&_nc_ht=scontent.fpnh5-3.fna&_nc_gid=ELy-o9EpH0wjZ9EqhzCVpQ&_nc_ss=7a30f&oh=00_AfxTmzzGrOz7SJvPGbdcCrCvzdNnlkfL7dCVB0n-eNW4Ww&oe=69C37564,
Inactive,1807594193391081,13 Jan 2025 - 8 May 2025,Apps-4-Free,https://www.facebook.com/GameApps4Free/,Yes,🍀 The Best SLOT-Machine GAMES! 🍀,https://scontent.fpnh5-4.fna.fbcdn.net/v/t39.35426-6/473530245_584622154362780_4513802861767558084_n.jpg?stp=dst-jpg_s600x600_tt6&_nc_cat=101&ccb=1-7&_nc_sid=c53f8f&_nc_ohc=mh_r_nFqr_oQ7kNvwGYEnVf&_nc_oc=AdqaAzBHX3QMl6B44f1JpFv1b0arkOjEXKbZo1XRkW2z7VugZyD6cfNhAdUBKvr9Cus&_nc_zt=14&_nc_ht=scontent.fpnh5-4.fna&_nc_gid=ELy-o9EpH0wjZ9EqhzCVpQ&_nc_ss=7a30f&oh=00_Afz9T-Pj54bpy4zq-kpZXouja_72wdwNYOfbhzaPgKNtow&oe=69C347A3,
Inactive,684996207603649,17 May 2025 - 21 May 2025,Cannon Carpenter Nicole,https://www.facebook.com/61552313237563/,Yes,,,
Inactive,1156539313090277,28 Oct 2025 - 9 Dec 2025,Slotomania - Slot Machines,https://www.facebook.com/slotomania/,Yes,,,
Inactive,4042431369400327,7 Jan 2026 - 22 Jan 2026,"Fujian Elestar MOTOR CO.,LTD",https://www.facebook.com/elestarpumps/,Yes,"Our production line at Elestar is designed for efficiency and flexibility. From raw material to finished product, each step in our process is carefully monitored to guarantee top-notch quality.

As a trusted partner for distributors around the world, we understand the importance of consistency and reliability. We offer wholesale options for bulk orders and can customize our pumps to fit specific requirements.

Looking to expand your product range or partner with a leading manufacturer? Elestar is ready to support your business with custom solutions and wholesale pricing tailored to your needs.",https://scontent.fpnh5-5.fna.fbcdn.net/v/t39.35426-6/607871975_2355580351555550_3434795346734549175_n.jpg?stp=dst-jpg_s600x600_tt6&_nc_cat=111&ccb=1-7&_nc_sid=c53f8f&_nc_ohc=od0z7OxSctUQ7kNvwGKTde_&_nc_oc=AdrTmxBAKBS_q5m5ml0PPa_7pb0-QkP9rd1zh0e9kQrVAsy3wTnIzWX-yPiIAj9I74I&_nc_zt=14&_nc_ht=scontent.fpnh5-5.fna&_nc_gid=4DKC2Nr7X1Cw9ewGNU_KhQ&_nc_ss=7a30f&oh=00_Afwgl3p5Y7UF9vU3eIhWJvhQbdxjr_pLMxYEbWqPtjX9lQ&oe=69C375D8,
Inactive,2037154497127850,19 Feb 2026 - 1 Mar 2026,Overlord movie,https://www.facebook.com/61556931122874/,Yes,"Six years ago, a drugged beauty CEO mistook me for her “cure.” 💊
Since then, I’ve been breaking my back on construction sites… just to save my foster mom.
Underpaid. Mocked. Humiliated. Beaten like trash...
Right at my lowest—
A luxury car screeched to a stop 🚗, the beauty CEO stepped out… And her child ran to me yelling, “Dad!” 😱

🔥 WATCH NOW – [ENG DUB] Bricklaying for Six Years, My Goddess Proposes to Me 🔥
#GoodShort #UnexpectedDaughter #CEOProposal #mustwatch",,https://video.fpnh5-4.fna.fbcdn.net/o1/v/t2/f2/m412/AQN6NpZyj_jNbvCpvbd0cagrWKdtYtfQYAHhYse9PVxDP9cKSW9KN2JtCePSVxF2ulmUYd8Cs-p2aaE1Za79fJ5YC35rapBwjlpv7VFouA.mp4?_nc_cat=100&_nc_oc=AdomjHztyIDoqJ7opNXDljayoMqTBDVClSXYgGp4qooWJtfBBWtWGyPGSKWjweQvMyE&_nc_sid=8bf8fe&_nc_ht=video.fpnh5-4.fna.fbcdn.net&_nc_ohc=PXng7V96JdgQ7kNvwEshbcs&efg=eyJ2ZW5jb2RlX3RhZyI6Inhwdl9wcm9ncmVzc2l2ZS5WSV9VU0VDQVNFX1BST0RVQ1RfVFlQRS4uQzMuMzYwLnN2ZV9zZCIsInhwdl9hc3NldF9pZCI6MTQ0MTMyMzc1NzYzNDE4MiwiYXNzZXRfYWdlX2RheXMiOjQ2LCJ2aV91c2VjYXNlX2lkIjoxMDEzOSwiZHVyYXRpb25fcyI6MTY2OCwidXJsZ2VuX3NvdXJjZSI6Ind3dyJ9&ccb=17-1&_nc_gid=4DKC2Nr7X1Cw9ewGNU_KhQ&_nc_ss=7a30f&_nc_zt=28&oh=00_AfzcJCZznaszm25Ot8oUdtLC7oa2haI1TAU6YQIHEJo3vw&oe=69C3757A
Inactive,1520457851916109,26 Jan 2025 - 4 May 2025,🎰 Play The Best SLOT-Machine GAMES! https://go.apps-4-free.com/mySlots,https://www.facebook.com/GameApps4Free/,Yes,🎰 Play The Best SLOT-Machine GAMES! https://go.apps-4-free.com/mySlots,https://scontent.fpnh5-2.fna.fbcdn.net/v/t39.35426-6/475185334_2142894042823680_9073535607581917327_n.jpg?stp=dst-jpg_s600x600_tt6&_nc_cat=102&ccb=1-7&_nc_sid=c53f8f&_nc_ohc=b71NFRXaR5MQ7kNvwHw7vvt&_nc_oc=AdoNkpc2rFFFYYkxKySwxtc11cPmP9A6P0-8ELgRUH8zQxKc0lGZXGS6EQrm8tK3Jds&_nc_zt=14&_nc_ht=scontent.fpnh5-2.fna&_nc_gid=4DKC2Nr7X1Cw9ewGNU_KhQ&_nc_ss=7a30f&oh=00_Afz5hobwyI62uwSFwe3utvql89BpaCZ5yyDma2uvx4b1Hw&oe=69C349B6,
Inactive,3378773352272518,4 Jan 2026 - 15 Feb 2026,Slotomania - Slot Machines,https://www.facebook.com/slotomania/,Yes,"❤JUST FOR YOU! 💰
🎰Spin 100 Times ON ANY SLOT MACHINE🎰
And GET:
🎉CivilTreasures Game Mania Opened for 24 Hours 🎁
We Miss You! Come Back and Enjoy the Mania 🙆‍♀️😍",,https://video.fpnh5-3.fna.fbcdn.net/o1/v/t2/f2/m412/AQMxSxzwxn0g-0ExfcmdHw8uV26Kkm4iHssP6m_ihu9b4j6EHm-cRlA6LiZwISeN7IKiyBwrnBxpHGeOOQkMptuPEG9VEu28eluKyiyzHQ.mp4?_nc_cat=106&_nc_oc=AdrKx9GC6_E5F1DV2pnX4pTqoeW7HGO-a2IGMU4z0gOIL4SDcfQq--W6P_1XhNhBVEA&_nc_sid=8bf8fe&_nc_ht=video.fpnh5-3.fna.fbcdn.net&_nc_ohc=-47ih2ROjqQQ7kNvwG-qKYg&efg=eyJ2ZW5jb2RlX3RhZyI6Inhwdl9wcm9ncmVzc2l2ZS5WSV9VU0VDQVNFX1BST0RVQ1RfVFlQRS4uQzMuNjQwLnN2ZV9zZCIsInhwdl9hc3NldF9pZCI6Njk3Mjc1NTkzMzg0NjExLCJhc3NldF9hZ2VfZGF5cyI6MTYzLCJ2aV91c2VjYXNlX2lkIjoxMDc5OSwiZHVyYXRpb25fcyI6MTUsInVybGdlbl9zb3VyY2UiOiJ3d3cifQ%3D%3D&ccb=17-1&_nc_gid=4DKC2Nr7X1Cw9ewGNU_KhQ&_nc_ss=7a30f&_nc_zt=28&oh=00_Afx2dk5zOsyIldYSnZbfun6i0ONx9RT4Z0XObgRihW_tDA&oe=69C358F8
Inactive,1357205378713930,10 Jul 2025 - 26 Aug 2025,Alibaba.com,https://www.facebook.com/Alibaba.comGlobal/,Yes,Source Sports & Entertainment on Alibaba.com. Alibaba.com-World's Leading B2B Marketplace.,https://scontent.fpnh5-3.fna.fbcdn.net/v/t39.35426-6/457512726_357879790719803_7198778727455579236_n.jpg?stp=dst-jpg_s600x600_tt6&_nc_cat=104&ccb=1-7&_nc_sid=c53f8f&_nc_ohc=NFW4OWN1OdYQ7kNvwHQqSf7&_nc_oc=AdoBFn2XJaR8OY3FXVy3J9aBMMFCeIMahSpxzxS77d575PmJ1dNS1cuGswULnvj0rV4&_nc_zt=14&_nc_ht=scontent.fpnh5-3.fna&_nc_gid=4DKC2Nr7X1Cw9ewGNU_KhQ&_nc_ss=7a30f&oh=00_AfwkbtK1pFSnAyQK8lAyTX7IIPqJdiPZpkn7XUxfEnjtHg&oe=69C35D05,
Inactive,680385984795758,2 Jun 2025 - 8 Jun 2025,Bentley Albert Montgomery,https://www.facebook.com/61552499621615/,Yes,,,
Inactive,25390202550576126,27 Nov 2025 - 23 Feb 2026,Apps4Free - Social Games,https://www.facebook.com/Apps4FreeSocialSlotsGames/,Yes,🎰 Play The Best SLOT-Machine GAMES!,https://scontent.fpnh5-3.fna.fbcdn.net/v/t39.35426-6/591203022_754724107665749_7392420367519882064_n.jpg?stp=dst-jpg_s600x600_tt6&_nc_cat=108&ccb=1-7&_nc_sid=c53f8f&_nc_ohc=kXR61mBma24Q7kNvwEwusbb&_nc_oc=AdosuX9QvvASXtECpxCPxbuljQ7ZSRVp8Taud5H8tD9x_yi7F7CPvnilBTm1Zhxr3fk&_nc_zt=14&_nc_ht=scontent.fpnh5-3.fna&_nc_gid=4DKC2Nr7X1Cw9ewGNU_KhQ&_nc_ss=7a30f&oh=00_AfzsGDXRKqfgnJFFRQV55rdNuwbqwzJPhogYhcBJd4mEgA&oe=69C35F86,
Inactive,1479081946532808,4 Dec 2025 - 23 Feb 2026,Slots Bingo Free,https://www.facebook.com/SlotsBingoFree/,Yes,🎰 Play The Best SLOT-Machine GAMES!,https://scontent.fpnh5-4.fna.fbcdn.net/v/t39.35426-6/594020478_1221554266695407_2323186948964607367_n.jpg?stp=dst-jpg_s600x600_tt6&_nc_cat=100&ccb=1-7&_nc_sid=c53f8f&_nc_ohc=M9oOp1KqoFYQ7kNvwE1gst3&_nc_oc=AdrveNG4NrlzGzhCaye6FrbQ7nx1-Bf5gLtsf4bfOGJIm17XYb1Sc7MVENCt34bHgo0&_nc_zt=14&_nc_ht=scontent.fpnh5-4.fna&_nc_gid=4DKC2Nr7X1Cw9ewGNU_KhQ&_nc_ss=7a30f&oh=00_AfxveMVMlpUlafUPt1AZYxJ-eSc-QOH-NztD6qeF2JuQDQ&oe=69C36B27,
Inactive,1502691434256688,1 Sep 2025 - 9 Oct 2025,Apps-4-Free,https://www.facebook.com/GameApps4Free/,Yes,🍀 The Best SLOT-Machine GAMES 🍀,https://scontent.fpnh5-6.fna.fbcdn.net/v/t39.35426-6/540844358_760545063544402_8846764751686849267_n.jpg?stp=dst-jpg_s600x600_tt6&_nc_cat=103&ccb=1-7&_nc_sid=c53f8f&_nc_ohc=g1eRln5bXN8Q7kNvwG9phUT&_nc_oc=AdqRtVMw3UnqctabcRzjOF4Bb25qlFVqRljxQLEa5h4PNB8UqS6Pz3PKuZjB-06jVdE&_nc_zt=14&_nc_ht=scontent.fpnh5-6.fna&_nc_gid=4DKC2Nr7X1Cw9ewGNU_KhQ&_nc_ss=7a30f&oh=00_AfzCp-qmIWyGmKOMioVAkNfHo1R8Ytk6l6NYZPoDzZ_UeQ&oe=69C355F5,
Inactive,1526874981887674,10 Dec 2025 - 16 Dec 2025,EVUC Computer,https://www.facebook.com/EVUC.Computer/,Yes,,,
Inactive,2520756041714581,14 Mar 2026 - 19 Mar 2026,Starter School,https://www.facebook.com/mystarterschool/,Yes,"I’ve been tracking A.I. developments since 2020 and what I’m seeing now is alarming. Most schools are stuck not knowing what to do.

And it's worse now... because in the last 6 weeks, there are 2 major A.I. upgrades that made Silicon Valley engineers say: ""oh crap..  coders are in trouble…”

Something so simple that a 9-year-old could run circles around most adults with it.

#1: The rise of ""A.I. Worker"" Bots—also known as A.I. agents.

#2: A new type of A.I. that codes better and faster than even the best software engineers at NASA

For this reason, I'm hosting a one-time live stream discussion on Zoom titled:

""How To Future-Proof Your Teenager's Education In The Face Of New A.I. Advancements""

You'll Discover:

◆  The 2 A.I. upgrades from the last 6 weeks that made engineers say ""oh crap""—and why one keeps looping until your kid's future job is done.

◆ Why the phrase ""learn to code"" is now terrible advice for your teenager (and what to tell them instead before they waste 4 years on a degree that's being automated as you read this).

◆ 18 industries your teen should avoid at all costs—including 3 that guidance counselors are still pushing as ""safe careers.""

◆ How smart is A.I. in 2026? I'll show you something live that will make your stomach drop. Most parents have no idea what their kids are competing against.

◆ What ""A.I.-resistant education"" actually means when your teen is 16—not theory, not buzzwords, but the specific skills that can't be automated in the next decade. (And no, it's definitely NOT coding.)

◆ Why ""getting good grades"" is now the educational equivalent of getting really good at operating a fax machine.

Register by tapping on this post and selecting one of the two time slots.

📹 Even if you can't make it, make sure to still register so you get the replay and reminders.

If you CAN make it live, you'll be glad there's a Live Q&A… because I know there will be questions on your mind you'd like answers to. 💬

Tap on the post and select one of the time slots.

Our Zoom plan only has 200 spots so register now and set a reminder so you don't miss it.",,https://video.fpnh5-2.fna.fbcdn.net/o1/v/t2/f2/m412/AQN-b5bfosrNjUliXsODtlrEsEjKZScDYEzqKr7fgAG5kQ23iL-N4ErXY24fQ9WdsBE2DLen1F-1fy7umTPWfGZ-pcSiwEZtPPBZgAscEQ.mp4?_nc_cat=107&_nc_oc=AdoRhuYggD-egh0SPU8YE5tuhYyLxwp55vn1DEn8euL31LylIacLHhzHQh4jhFPJxyU&_nc_sid=8bf8fe&_nc_ht=video.fpnh5-2.fna.fbcdn.net&_nc_ohc=CJeI32i6Em8Q7kNvwHbJpb-&efg=eyJ2ZW5jb2RlX3RhZyI6Inhwdl9wcm9ncmVzc2l2ZS5WSV9VU0VDQVNFX1BST0RVQ1RfVFlQRS4uQzMuMzYwLnN2ZV9zZCIsInhwdl9hc3NldF9pZCI6MjAxNzQxMjg1NTgxNTE3MiwiYXNzZXRfYWdlX2RheXMiOjIzLCJ2aV91c2VjYXNlX2lkIjoxMDc5OSwiZHVyYXRpb25fcyI6NDYsInVybGdlbl9zb3VyY2UiOiJ3d3cifQ%3D%3D&ccb=17-1&_nc_gid=H0Fm1qnjFVlPuuBXbyObZg&_nc_ss=7a30f&_nc_zt=28&oh=00_AfyrS-C5VMe7E-97brnJjmYXR1EZxszC3wb9AYnBDp_b1w&oe=69C3599B
Inactive,1627608784840434,25 Dec 2024 - 8 Apr 2025,Industrial Machinery,https://www.facebook.com/61566165222051/,Yes,"📄 Superior Laminating & Glue Laminating Machines for B2B! 🌟
Our state-of-the-art machines are a must-have for packaging, printing, and manufacturing businesses. 😎 Ideal for factories, print houses, and craft studios. 💯 With precise control and adjustable settings, they ensure perfect lamination and glue application every time. 🌟 Durable build quality guarantees long-lasting performance and minimal downtime. Easy to operate and maintain, saving you both time and labor costs. ✨ Compatible with a wide range of materials, from papers to plastics. 💪 Elevate your production quality and efficiency with our reliable machines. 👍",https://scontent.fpnh5-4.fna.fbcdn.net/v/t39.35426-6/470668918_599425089225163_4806269113640715037_n.jpg?stp=dst-jpg_s600x600_tt6&_nc_cat=100&ccb=1-7&_nc_sid=c53f8f&_nc_ohc=5fVSGT0crZkQ7kNvwGe7kbz&_nc_oc=Ado1Cw8gOz6BY1fmn1Tao7vMDAv8uM_FVl28v7oZor26mWzeGrFPc-hx1wDW-2Y0DYM&_nc_zt=14&_nc_ht=scontent.fpnh5-4.fna&_nc_gid=H0Fm1qnjFVlPuuBXbyObZg&_nc_ss=7a30f&oh=00_Afz4FP4CooRuayL-fs67n3JduPdm_IUb_UlUChHzhnGz3g&oe=69C36565,
Inactive,2116846485506195,20 Aug 2025 - 22 Aug 2025,INAIR,https://www.facebook.com/inairglass/,Yes,"🎰 #LuckyDraw Your gameplay could turn into real-life rewards✨

1️. Watch the slot machine spin
2️️. Screenshot your result
3️️. Drop it in the comments

Land 3 #INAIR2Pro 👓 = win a mystery gift
Land 3 different icons 💰 = DM us for a $30 discount on INAIR 2 Pro

With #INAIR, games don’t just stay on your screen, they leap into your world in full 3D. 
🔗 Click  to discover more

#3Dgaming #Gamescom #Gamescom2025 #ARglasses #Giveaway",,https://video.fpnh5-5.fna.fbcdn.net/o1/v/t2/f2/m366/AQNzx05pM6qOeHzCRyg1VPlFML6g9WriYSCtjrfdVNKaRGygR26KA-qy8isZjgEgSa7VgmwBcg26969saXjML9YpkRoA-FfTscFNm-BOBw.mp4?_nc_cat=111&_nc_oc=Adp5ae0D4F0y8Ko2G3BB57Axrz_JqbgJlwrnAaFh69RF-AX7q836IGPv42nxwefjPvo&_nc_sid=8bf8fe&_nc_ht=video.fpnh5-5.fna.fbcdn.net&_nc_ohc=jLFNEB5VkYIQ7kNvwEs4IlB&efg=eyJ2ZW5jb2RlX3RhZyI6Inhwdl9wcm9ncmVzc2l2ZS5WSV9VU0VDQVNFX1BST0RVQ1RfVFlQRS4uQzMuMzYwLnN2ZV9zZCIsInhwdl9hc3NldF9pZCI6NzY0OTkzMjU5NjE2NDEyLCJhc3NldF9hZ2VfZGF5cyI6MjEyLCJ2aV91c2VjYXNlX2lkIjoxMDEyMiwiZHVyYXRpb25fcyI6OCwidXJsZ2VuX3NvdXJjZSI6Ind3dyJ9&ccb=17-1&_nc_gid=H0Fm1qnjFVlPuuBXbyObZg&_nc_ss=7a30f&_nc_zt=28&oh=00_AfyUHZxBCFJzT0_-83v8a97uCAHuMdJO4outK2keFP0rDg&oe=69C361BB
Inactive,1836953190249617,19 Nov 2025 - 1 Dec 2025,Otis Ellis,https://www.facebook.com/61580690644488/,Yes,,,
Inactive,1220079896434653,8 May 2025 - 22 Feb 2026,Slots Bingo Free,https://www.facebook.com/SlotsBingoFree/,Yes,🎰 Play The Best SLOT-Machine GAMES!,https://scontent.fpnh5-2.fna.fbcdn.net/v/t39.35426-6/495572531_716406024278802_2727581403022412828_n.jpg?stp=dst-jpg_s600x600_tt6&_nc_cat=102&ccb=1-7&_nc_sid=c53f8f&_nc_ohc=COx4CvrOsPwQ7kNvwFqHFF6&_nc_oc=Adocj7ssO5KaNAu7c72luLmKC6HLawhjb6KEgqrV1TUQWDt0wyTubbqnp817o6iKJWs&_nc_zt=14&_nc_ht=scontent.fpnh5-2.fna&_nc_gid=H0Fm1qnjFVlPuuBXbyObZg&_nc_ss=7a30f&oh=00_AfzYGuWGqxDJ85QceB1WOCu0IJuNb60GIa22ZjaZyr6Zwg&oe=69C34A49,
Inactive,1857755591759601,3 Sep 2025 - 21 Sep 2025,Tank Pack Attack,https://www.facebook.com/61579603290737/,Yes,Can You Create the ULTIMATE Weapon?,,https://video.fpnh5-6.fna.fbcdn.net/o1/v/t2/f2/m366/AQOL4EcDBM-OWkyAXMUgYQba_iSB1TsaNXJjOmunRtydZkOM3v_pgprroLM4i59tScLvC8Is0P2qb9MsUpr2EKGOlT273SzFVEQZIdDvBw.mp4?_nc_cat=103&_nc_oc=AdoA0CvR4Tr1TKWP0k_qEadeJBL_6UYEgUp5msdkaphw0sjuE6bOo2S0kmNYea3AD6E&_nc_sid=8bf8fe&_nc_ht=video.fpnh5-6.fna.fbcdn.net&_nc_ohc=ap7YSVisFTkQ7kNvwFWJIbc&efg=eyJ2ZW5jb2RlX3RhZyI6Inhwdl9wcm9ncmVzc2l2ZS5WSV9VU0VDQVNFX1BST0RVQ1RfVFlQRS4uQzMuMzYwLnN2ZV9zZCIsInhwdl9hc3NldF9pZCI6NzQyNzIwMzQ4NTg5NzIwLCJhc3NldF9hZ2VfZGF5cyI6MTk4LCJ2aV91c2VjYXNlX2lkIjoxMDc5OSwiZHVyYXRpb25fcyI6NDAsInVybGdlbl9zb3VyY2UiOiJ3d3cifQ%3D%3D&ccb=17-1&_nc_gid=H0Fm1qnjFVlPuuBXbyObZg&_nc_ss=7a30f&_nc_zt=28&oh=00_AfwS1OrH9ihqPWcNX1yM9QkXqXR_P_gD6bZrmdZ7U5P2-A&oe=69C371F3
Inactive,1359342665682021,27 Nov 2025 - 5 Jan 2026,Slotomania - Slot Machines,https://www.facebook.com/slotomania/,Yes,"🎰Slotomania Madness is Waiting for YOU 🔥
It's time to Spin some FUN on our Hottest Slot Machine 😍",,https://video.fpnh5-3.fna.fbcdn.net/o1/v/t2/f2/m412/AQOg6lTcT4nwFb76asjFLcw3-E6H8ZBBQ-mAbcbUdw51yISG4vvObxvH3iuJYwHoxbOovJVjy1NRAuZyE79dpcyTBh17TQQg0da86jmMGQ.mp4?_nc_cat=108&_nc_oc=AdoHLzT_HgbwSO0hBI0KAm1iyDubnHSCBQl05sI0ZjBSliB3dx5n0ubY6u4H5qmFW1w&_nc_sid=8bf8fe&_nc_ht=video.fpnh5-3.fna.fbcdn.net&_nc_ohc=_26f8myy3ikQ7kNvwF1sUwd&efg=eyJ2ZW5jb2RlX3RhZyI6Inhwdl9wcm9ncmVzc2l2ZS5WSV9VU0VDQVNFX1BST0RVQ1RfVFlQRS4uQzMuNjQwLnN2ZV9zZCIsInhwdl9hc3NldF9pZCI6ODY5OTM1OTY5NTM2NjQ1LCJhc3NldF9hZ2VfZGF5cyI6MTIwLCJ2aV91c2VjYXNlX2lkIjoxMDEzOSwiZHVyYXRpb25fcyI6MzAsInVybGdlbl9zb3VyY2UiOiJ3d3cifQ%3D%3D&ccb=17-1&_nc_gid=H0Fm1qnjFVlPuuBXbyObZg&_nc_ss=7a30f&_nc_zt=28&oh=00_AfxP58eQPrd8ewi9m-tJANiUG8bYgm6EaKki3OKGP-SFQg&oe=69C35CFE
Inactive,1403659557594801,9 Feb 2026 - 20 Feb 2026,Next Drama,https://www.facebook.com/61553972073461/,Yes,"Six years ago, a drugged beauty CEO mistook me for her “cure.” 💊
Since then, I’ve been breaking my back on construction sites… just to save my foster mom.
Underpaid. Mocked. Humiliated. Beaten like trash...
Right at my lowest—
A luxury car screeched to a stop 🚗, the beauty CEO stepped out… And her child ran to me yelling, “Dad!” 😱

🔥 WATCH NOW – [ENG DUB] Bricklaying for Six Years, My Goddess Proposes to Me 🔥
#GoodShort #UnexpectedDaughter #CEOProposal #mustwatch",,https://video.fpnh5-4.fna.fbcdn.net/o1/v/t2/f2/m412/AQN6NpZyj_jNbvCpvbd0cagrWKdtYtfQYAHhYse9PVxDP9cKSW9KN2JtCePSVxF2ulmUYd8Cs-p2aaE1Za79fJ5YC35rapBwjlpv7VFouA.mp4?_nc_cat=100&_nc_oc=AdomjHztyIDoqJ7opNXDljayoMqTBDVClSXYgGp4qooWJtfBBWtWGyPGSKWjweQvMyE&_nc_sid=8bf8fe&_nc_ht=video.fpnh5-4.fna.fbcdn.net&_nc_ohc=PXng7V96JdgQ7kNvwEshbcs&efg=eyJ2ZW5jb2RlX3RhZyI6Inhwdl9wcm9ncmVzc2l2ZS5WSV9VU0VDQVNFX1BST0RVQ1RfVFlQRS4uQzMuMzYwLnN2ZV9zZCIsInhwdl9hc3NldF9pZCI6MTQ0MTMyMzc1NzYzNDE4MiwiYXNzZXRfYWdlX2RheXMiOjQ2LCJ2aV91c2VjYXNlX2lkIjoxMDEzOSwiZHVyYXRpb25fcyI6MTY2OCwidXJsZ2VuX3NvdXJjZSI6Ind3dyJ9&ccb=17-1&_nc_gid=H0Fm1qnjFVlPuuBXbyObZg&_nc_ss=7a30f&_nc_zt=28&oh=00_Afx14brtfzuGAgHQYPNl-uYEZUXlupgW7k7aCatOmEvsrg&oe=69C3757A
Active,1862061191852964,Đào tạo ngắn hạn AI - Data Science,Đào tạo ngắn hạn AI - Data Science,https://www.facebook.com/dtnh.cole/,Yes,"✨ TUYỂN SINH KHÓA AI/MACHINE LEARNING/DEEP LEARNING 2025 - CAM KẾT THỰC TẬP NGAY SAU KHÓA HỌC!
- Thông tin chi tiết khóa học: https://bit.ly/Lotrinhaiengineer
⭐ 2025 Updated: 10 suất thực tập AI Engineer ngay sau khóa học tại các doanh nghiệp hàng đầu dành riêng cho 10 học viên đăng ký đầu tiên
Khóa học dành cho những học viên định hướng theo đuổi ngành A.I với lộ trình rõ ràng đi lên từ căn bản, thứ gọi là nền tảng căn nguyên mà bất kể vị trí nào trong ngành A.I đều yêu cầu.
📍 Mục tiêu: Tạo nền tảng kiến thức vững chắc về AI, Machine Learning và Deep Learning ứng dụng cho Thị giác máy tính, Xử lý ngôn ngữ tự nhiên và Dự đoán chuỗi thời gian. Giúp học viên tích lũy kinh nghiệm thực chiến phong phú với hơn 20+ bài toán thực hành về AI phổ biến nhất hiện nay và tự tin triển khai các mô hình AI trong thực tế đáp ứng nhu cầu doanh nghiệp. 

📍 Yêu cầu đầu vào: Dành cho tất cả mọi người có đam mê với toán học và trí tuệ nhân tạo, không yêu cầu kinh nghiệm hay kiến thức nền tảng về lập trình 
Hình thức và thời gian đào tạo:
Hình thức: Online qua Zoom
Thời gian: 2 Buổi/tuần 
Thời lượng: 62 buổi

📍 Đầu ra khóa học:
- Làm chủ quy trình xây dựng và triển khai hệ thống AI từ A-Z.
- Thành thạo các công cụ """"HOT"""" nhất: TensorFlow, PyTorch, Docker, AWS.
- Tự tin ứng tuyển vào vị trí AI Engineer, Machine Learning Engineer tại doanh nghiệp.

❓ Tại sao bạn nên chọn COLE?
✔ Học tương tác trực tuyến 1-1 với Tiến Sĩ Đại học Ngoại Thương, Tiến sĩ - Giám đốc công ty công nghệ chuyên triển khai dự án AI, không có nền tảng lập trình vẫn có thể tham gia.
✔ Được thực hành với hệ thống Lab Online – Môi trường mô phỏng công việc thực tế hiện nay
✔ Lộ trình học tập rõ ràng: Bắt đầu từ phân tích dữ liệu cơ bản, tiến đến các kỹ thuật nâng cao về khoa học dữ liệu, Machine Learning, và đạt đến đỉnh cao với kỹ năng AI Engineer.
✔ Kết hợp lý thuyết và thực hành: Bạn sẽ được thực hành qua các dự án thực tế, từ phân tích dữ liệu doanh nghiệp, xây dựng mô hình dự đoán, đến triển khai hệ thống AI hoàn chỉnh
✔ Xây dựng và tối ưu mô hình AI để giải quyết các bài toán ứng dụng phức tạp trong thực tiễn
✔ Xây dựng portfolio ấn tượng thông qua các Project thực tế và Chứng nhận cuối khóa
✔ Cam kết thực tập, hỗ trợ đồng hành 1-1 cùng học viên đến khi nhận JOB

➡Đăng ký sớm và nhận cơ hội thực tập ngay sau khóa học dành cho 10 bạn đăng ký sớm: 
Hãy nhắn cho chúng tôi để nhận thêm thông tin!",https://scontent.fpnh5-2.fna.fbcdn.net/v/t39.35426-6/558775049_1436941970732861_504901493646983016_n.jpg?stp=dst-jpg_s600x600_tt6&_nc_cat=102&ccb=1-7&_nc_sid=c53f8f&_nc_ohc=WlUWki6KLYkQ7kNvwEj4U6f&_nc_oc=Adr5XRkJuIk4D-Kd2frCkIM4AwtKJLlDqJx_tX2HVYOy54Jn6RfyaISt-uLiM3k8GQI&_nc_zt=14&_nc_ht=scontent.fpnh5-2.fna&_nc_gid=H0Fm1qnjFVlPuuBXbyObZg&_nc_ss=7a30f&oh=00_AfwQOBjfGutJbBo-ZSl6hA2lm1A0hRwHg-23L1CXts5UIA&oe=69C36F25,
Inactive,2843952669147558,15 Oct 2025 - 4 Nov 2025,Slotomania - Slot Machines,https://www.facebook.com/slotomania/,Yes,"❤JUST FOR YOU! 💰
🎰Spin 100 Times ON ANY SLOT MACHINE🎰
And GET 
🎉CivilTreasures Game Mania Opened for 24 Hours 🎁
We Miss You! Come Back and Enjoy the Mania 🙆‍♀️😍",,https://video.fpnh5-4.fna.fbcdn.net/o1/v/t2/f2/m412/AQOlrsD8FQTM7rTGYKL6rms46r22H6bbcm-pkWX-szp2NWvBjb692zfnugt_f9Q9Jm_NKv4P3z3f552oLZQ-GjIExfB9vHFK3vYMyVWDgg.mp4?_nc_cat=100&_nc_oc=Adp9PAu6M_YDEJXcjn3DvAT_YLVnrhEVKwd0wkJCsauHP66H-xUnOX8GJ2JTc9YBtZY&_nc_sid=8bf8fe&_nc_ht=video.fpnh5-4.fna.fbcdn.net&_nc_ohc=D2zRN5wVN-cQ7kNvwHgGp_f&efg=eyJ2ZW5jb2RlX3RhZyI6Inhwdl9wcm9ncmVzc2l2ZS5WSV9VU0VDQVNFX1BST0RVQ1RfVFlQRS4uQzMuMzYwLnN2ZV9zZCIsInhwdl9hc3NldF9pZCI6MTQzNTg5MTA4NzUwNjQ0MSwiYXNzZXRfYWdlX2RheXMiOjE2MywidmlfdXNlY2FzZV9pZCI6MTA3OTksImR1cmF0aW9uX3MiOjE1LCJ1cmxnZW5fc291cmNlIjoid3d3In0%3D&ccb=17-1&_nc_gid=QNNTaTu-j1zJU91WD9Wt8A&_nc_ss=7a30f&_nc_zt=28&oh=00_AfzPQ42ZbIjTvDSmNlY7T-NDEUksaFUYXm6ADIDsrmbekg&oe=69C363FA
Inactive,1267072064422167,24 Nov 2024 - 1 Apr 2025,Slotomania - Slot Machines,https://www.facebook.com/slotomania/,Yes,"Ready To Cook up Some BIG WINS?! 😍💥
👨‍🍳Slotomania Presents - Molto Meatballs🍝
🎰 Spice up Your Game 🎰",,https://video.fpnh5-2.fna.fbcdn.net/o1/v/t2/f2/m69/AQMQ1qIaCR_S5TxNx2DiRvh4CModFqlrH3RdLci5FgWWbcvNLpYwshiGNMjp-Ip4ouG6kJqDPZs1_aSD2eBnfoF5.mp4?strext=1&_nc_cat=107&_nc_oc=Adp4-w0u4Oe2uTFyFMZpxum3KEt0rW4xn_FxCS49kUTXXwhJ7OfD4yyF00Bheg1WKL0&_nc_sid=8bf8fe&_nc_ht=video.fpnh5-2.fna.fbcdn.net&_nc_ohc=EZ40Vy8rqKUQ7kNvwHOFBIu&efg=eyJ2ZW5jb2RlX3RhZyI6Inhwdl9wcm9ncmVzc2l2ZS5WSV9VU0VDQVNFX1BST0RVQ1RfVFlQRS4uQzMuMzYwLnN2ZV9zZCIsInhwdl9hc3NldF9pZCI6NTg3OTg5NjAzNjk0MTg5LCJhc3NldF9hZ2VfZGF5cyI6NDk0LCJ2aV91c2VjYXNlX2lkIjoxMDc5OSwiZHVyYXRpb25fcyI6MjQsInVybGdlbl9zb3VyY2UiOiJ3d3cifQ%3D%3D&ccb=17-1&_nc_gid=QNNTaTu-j1zJU91WD9Wt8A&_nc_ss=7a30f&_nc_zt=28&oh=00_AfwMgxJqsrvY8c1xwGG10pCSY6pTLeDqczYwj8zfQS1hcw&oe=69C34B13
Inactive,1343146937055797,17 Nov 2025 - 5 Jan 2026,Slotomania - Slot Machines,https://www.facebook.com/slotomania/,Yes,"🎰Shogun Bear is Waiting for YOU 🐻
It's time to Spin some FUN on our Hottest Slot Machine 😍",,https://video.fpnh5-6.fna.fbcdn.net/o1/v/t2/f2/m412/AQMNzUQgV8Q-AA6CanpujXUnkSlQsLbdUfz51sRM_tEQNTUCC63GhImA2QwmfBqflynNwCB9PbMJPOHynY4Wp4Iu3M4l9-Zovfx6WpNMQA.mp4?_nc_cat=103&_nc_oc=Adp11Ac1GPo-ndNgUdAKrphzP2yu811HzqgM2yaUD7_dcahNVlRqQQW8STUM_rTh4tw&_nc_sid=8bf8fe&_nc_ht=video.fpnh5-6.fna.fbcdn.net&_nc_ohc=n1IJK2rwG8QQ7kNvwGKhjwj&efg=eyJ2ZW5jb2RlX3RhZyI6Inhwdl9wcm9ncmVzc2l2ZS5WSV9VU0VDQVNFX1BST0RVQ1RfVFlQRS4uQzMuMzYwLnN2ZV9zZCIsInhwdl9hc3NldF9pZCI6MTM2NTU4NzU4NTE5NjUzNCwiYXNzZXRfYWdlX2RheXMiOjEyMywidmlfdXNlY2FzZV9pZCI6MTA3OTksImR1cmF0aW9uX3MiOjMwLCJ1cmxnZW5fc291cmNlIjoid3d3In0%3D&ccb=17-1&_nc_gid=QNNTaTu-j1zJU91WD9Wt8A&_nc_ss=7a30f&_nc_zt=28&oh=00_AfzIl8HGo1VvTdHTNoG-3jjaTdN4ZCYWvJgbt-VEFsTqlg&oe=69C37903
Inactive,1373390380390988,28 Jul 2025 - 17 Sep 2025,AuraReveal,https://www.facebook.com/100094394816024/,Yes,"Receive a Necklace in the Color of Your Aura!
✨ Aura Reading Based on Your Photo
💎 A Necklace with a Gemstone that Reflects the Beauty of Your Aura
✨ Designed to Never Fade – Choose from Silver or 18k Gold-Plated Versions
💎 Detailed Report Explaining the Meaning of Your Aura
✨ 1-Year Warranty
Limited Offer! Order Today and Unlock Two Exclusive Bonuses
🎁 E-Book – Unlock the Potential of Your Aura
🎁 48+ Affirmation Cards",,https://video.fpnh5-6.fna.fbcdn.net/o1/v/t2/f2/m69/AQMOJ2-EdWO8_vYCaZJaAp4cF21int62CiuJg9H3MvPPgPGFPw-kDqQo2m1o9DnCByuhjTJu_-CvkgDIIxS9PY5H.mp4?strext=1&_nc_cat=103&_nc_oc=Adrr13x7ef3Mu-Yor3iqgCqFJ5hf63STHZG_erP2Y-p-v5bepRlAPPlvXo8ueh82kss&_nc_sid=8bf8fe&_nc_ht=video.fpnh5-6.fna.fbcdn.net&_nc_ohc=PlOZaa8ha8sQ7kNvwFQlx_f&efg=eyJ2ZW5jb2RlX3RhZyI6Inhwdl9wcm9ncmVzc2l2ZS5WSV9VU0VDQVNFX1BST0RVQ1RfVFlQRS4uQzMuMzYwLnN2ZV9zZCIsInhwdl9hc3NldF9pZCI6MTE2MDkyODQwODY4MDE0MSwiYXNzZXRfYWdlX2RheXMiOjM0OCwidmlfdXNlY2FzZV9pZCI6MTA3OTksImR1cmF0aW9uX3MiOjEzOSwidXJsZ2VuX3NvdXJjZSI6Ind3dyJ9&ccb=17-1&_nc_gid=QNNTaTu-j1zJU91WD9Wt8A&_nc_ss=7a30f&_nc_zt=28&oh=00_AfxCeGt01g4e1Lyfl_QZIkxkkfMItFbl20nMD02Ydvfm6g&oe=69C36417
Inactive,661757046638442,20 Apr 2025 - 26 May 2025,Slotomania - Slot Machines,https://www.facebook.com/slotomania/,Yes,😍🎉Slotomania's Winning Spins Slot Machine is HERE! Go have a Spin...🏆🎰,,https://video.fpnh5-1.fna.fbcdn.net/o1/v/t2/f2/m69/AQP2GWvPFmfdJP2JaoftnerEjgLHsTyNBMAuk-_BPk-68_SwMdOB7BGLXCTPrbyBBl0vX4zFQdqW935eOqwncx6i.mp4?strext=1&_nc_cat=105&_nc_oc=Adr1z68FXrPhWslJoiHYB0MvSd9XoC_7JpFf7RBescWsu9JWHVCm25S-Ud1rTNOf8nI&_nc_sid=8bf8fe&_nc_ht=video.fpnh5-1.fna.fbcdn.net&_nc_ohc=nht5c2tiJEAQ7kNvwEH0rHK&efg=eyJ2ZW5jb2RlX3RhZyI6Inhwdl9wcm9ncmVzc2l2ZS5WSV9VU0VDQVNFX1BST0RVQ1RfVFlQRS4uQzMuMzYwLnN2ZV9zZCIsInhwdl9hc3NldF9pZCI6MTM2NTA5NDUzMTM1OTg4NywiYXNzZXRfYWdlX2RheXMiOjMzNCwidmlfdXNlY2FzZV9pZCI6MTA3OTksImR1cmF0aW9uX3MiOjMwLCJ1cmxnZW5fc291cmNlIjoid3d3In0%3D&ccb=17-1&_nc_gid=QNNTaTu-j1zJU91WD9Wt8A&_nc_ss=7a30f&_nc_zt=28&oh=00_AfxU3KdkizD_ODZbSxVHhxiA4qfQKfgUcla_xJLK5dFHEQ&oe=69C35621
Inactive,4159428834342558,21 Jul 2025 - 22 Feb 2026,Apps-4-Free,https://www.facebook.com/GameApps4Free/,Yes,🍀 The Best SLOT-Machine GAMES! 🍀,https://scontent.fpnh5-6.fna.fbcdn.net/v/t39.35426-6/519688179_1058222336397608_1008263108898249678_n.jpg?stp=dst-jpg_s600x600_tt6&_nc_cat=103&ccb=1-7&_nc_sid=c53f8f&_nc_ohc=k9t7-F9k5GQQ7kNvwHulaTJ&_nc_oc=AdpIHU-9bqxrpvqH2EfLgl5AMPiAByfYh-tGad6AwFK8xBUaplWcNulbdwQfkuaX2AI&_nc_zt=14&_nc_ht=scontent.fpnh5-6.fna&_nc_gid=QNNTaTu-j1zJU91WD9Wt8A&_nc_ss=7a30f&oh=00_Afz2ltp0hsQJESFUDMT_qQqZ3M9yK02vvEteeBrCdyaekA&oe=69C37354,
Inactive,636079995856238,9 Apr 2025 - 4 Jul 2025,Industrial Machinery,https://www.facebook.com/61566165222051/,Yes,"📄 Superior Laminating & Glue Laminating Machines for B2B! 🌟
Our state-of-the-art machines are a must-have for packaging, printing, and manufacturing businesses. 😎 Ideal for factories, print houses, and craft studios. 💯 With precise control and adjustable settings, they ensure perfect lamination and glue application every time. 🌟 Durable build quality guarantees long-lasting performance and minimal downtime. Easy to operate and maintain, saving you both time and labor costs. ✨ Compatible with a wide range of materials, from papers to plastics. 💪 Elevate your production quality and efficiency with our reliable machines. 👍",https://scontent.fpnh5-4.fna.fbcdn.net/v/t39.35426-6/470668918_599425089225163_4806269113640715037_n.jpg?stp=dst-jpg_s600x600_tt6&_nc_cat=100&ccb=1-7&_nc_sid=c53f8f&_nc_ohc=5fVSGT0crZkQ7kNvwGe7kbz&_nc_oc=Ado1Cw8gOz6BY1fmn1Tao7vMDAv8uM_FVl28v7oZor26mWzeGrFPc-hx1wDW-2Y0DYM&_nc_zt=14&_nc_ht=scontent.fpnh5-4.fna&_nc_gid=QNNTaTu-j1zJU91WD9Wt8A&_nc_ss=7a30f&oh=00_AfzsfJKiJJfigq-I_wuemzqkqs1xRQFw6zOFF0-ML5G1Cg&oe=69C36565,
Inactive,887112000570277,8 Jan 2026 - 2 Feb 2026,Slotomania - Slot Machines,https://www.facebook.com/slotomania/,Yes,"🎰Slotomania Madness is Waiting for YOU 🔥
It's time to Spin some FUN on our Hottest Slot Machine 😍",,https://video.fpnh5-3.fna.fbcdn.net/o1/v/t2/f2/m412/AQOg6lTcT4nwFb76asjFLcw3-E6H8ZBBQ-mAbcbUdw51yISG4vvObxvH3iuJYwHoxbOovJVjy1NRAuZyE79dpcyTBh17TQQg0da86jmMGQ.mp4?_nc_cat=108&_nc_oc=AdoHLzT_HgbwSO0hBI0KAm1iyDubnHSCBQl05sI0ZjBSliB3dx5n0ubY6u4H5qmFW1w&_nc_sid=8bf8fe&_nc_ht=video.fpnh5-3.fna.fbcdn.net&_nc_ohc=_26f8myy3ikQ7kNvwF1sUwd&efg=eyJ2ZW5jb2RlX3RhZyI6Inhwdl9wcm9ncmVzc2l2ZS5WSV9VU0VDQVNFX1BST0RVQ1RfVFlQRS4uQzMuNjQwLnN2ZV9zZCIsInhwdl9hc3NldF9pZCI6ODY5OTM1OTY5NTM2NjQ1LCJhc3NldF9hZ2VfZGF5cyI6MTIwLCJ2aV91c2VjYXNlX2lkIjoxMDEzOSwiZHVyYXRpb25fcyI6MzAsInVybGdlbl9zb3VyY2UiOiJ3d3cifQ%3D%3D&ccb=17-1&_nc_gid=QNNTaTu-j1zJU91WD9Wt8A&_nc_ss=7a30f&_nc_zt=28&oh=00_AfwiiV_F7AKbnsXZjym6XtOHIk4CPb3GLQ9ujBMFItYQeQ&oe=69C35CFE
Inactive,1608446223178281,14 May 2025 - 12 Jan 2026,Apps4Free - Social Games,https://www.facebook.com/Apps4FreeSocialSlotsGames/,Yes,🎰 Play The Best SLOT-Machine GAMES!,https://scontent.fpnh5-2.fna.fbcdn.net/v/t39.35426-6/497438636_658102640349907_1611125283597170028_n.jpg?stp=dst-jpg_s600x600_tt6&_nc_cat=109&ccb=1-7&_nc_sid=c53f8f&_nc_ohc=5jPy8Oct3EYQ7kNvwH251JS&_nc_oc=Adop9zeEiS31kU83jNNXOeP7C6t8HhDykrxpJs_ifaYrfenCD5kMlYI35moA1oJgwaQ&_nc_zt=14&_nc_ht=scontent.fpnh5-2.fna&_nc_gid=QNNTaTu-j1zJU91WD9Wt8A&_nc_ss=7a30f&oh=00_AfyN6nAwGNrWUl62A_0Vp9VYi6Aoth-5RKJGXfkYrk7dIQ&oe=69C350E0,
Inactive,1299965675058962,27 Aug 2025 - 22 Sep 2025,Slotomania - Slot Machines,https://www.facebook.com/slotomania/,Yes,😍🎉Slotomania's Winning Spins Slot Machine is HERE! Go have a Spin...🏆🎰,,https://video.fpnh5-1.fna.fbcdn.net/o1/v/t2/f2/m69/AQOm5iDccusKeCjj8RKqszLwerrUl6PRIoaOc28IS_uOBAvC63VosXFmZzo9n5KPcqctRIXtxw8xBb4WHfGegsTB.mp4?strext=1&_nc_cat=105&_nc_oc=Adou-hhOzklAFb7x15LubNx5x8fsiD32x7TXLb9D7D_2Zl7pvNbwrtuosJQ2ir17tYQ&_nc_sid=8bf8fe&_nc_ht=video.fpnh5-1.fna.fbcdn.net&_nc_ohc=d1gDNF4LnwYQ7kNvwGq2e4Q&efg=eyJ2ZW5jb2RlX3RhZyI6Inhwdl9wcm9ncmVzc2l2ZS5WSV9VU0VDQVNFX1BST0RVQ1RfVFlQRS4uQzMuNjQwLnN2ZV9zZCIsInhwdl9hc3NldF9pZCI6MTkwNzY5NjAxNjY2OTQ5NiwiYXNzZXRfYWdlX2RheXMiOjMzNCwidmlfdXNlY2FzZV9pZCI6MTA3OTksImR1cmF0aW9uX3MiOjMwLCJ1cmxnZW5fc291cmNlIjoid3d3In0%3D&ccb=17-1&_nc_gid=Bn0TL8cBdNLqQfMNKBsxiQ&_nc_ss=7a30f&_nc_zt=28&oh=00_AfzvDIZEx4h9z4ikKsGWBiik8_FM8KlTTy5Yfy4QRZUEZg&oe=69C36311
Inactive,2001750087321285,27 Aug 2025 - 4 Sep 2025,Slotomania - Slot Machines,https://www.facebook.com/slotomania/,Yes,"🎰🎉Have you met our brand new Cleopatra II Slot Machine, Straight from the Casino Floors?!🎉🎰
Spin NOW🎁",https://scontent.fpnh5-3.fna.fbcdn.net/v/t39.35426-6/528223520_1689071471770681_683122903877634078_n.jpg?stp=dst-jpg_s600x600_tt6&_nc_cat=106&ccb=1-7&_nc_sid=c53f8f&_nc_ohc=_HvFLHbwnOMQ7kNvwE8aP0k&_nc_oc=AdoZf6BvsSoQy8F8-BOQx9VvcFkcL6TGOtNzhmChh2pwjQKK11WwLj0rAZO_7gz6t5Y&_nc_zt=14&_nc_ht=scontent.fpnh5-3.fna&_nc_gid=Bn0TL8cBdNLqQfMNKBsxiQ&_nc_ss=7a30f&oh=00_AfzYL6u40BozX3cpUAt9THtvfk2n80KkwTQOIAe8DKBw0g&oe=69C362B0,
Inactive,899920269024859,3 Nov 2025 - 31 Dec 2025,Slotomania - Slot Machines,https://www.facebook.com/slotomania/,Yes,"🎁GIFT ALERT🎁
🎰Spin 10 Times on ANY MACHINE and get:
🎁 DASH M-A-X Bar for FREE 🎁
& Free Dash Points for free🆓!",,https://video.fpnh5-5.fna.fbcdn.net/o1/v/t2/f2/m412/AQNxFRuy-7ioGiFGskRoYy_wLtktN13iyh2iKnfvHQpQ1U9Rf3gEcJiw9HXkmgy4WqD-hYz04CvWViR97OslIpOQQgR2DiWJkY3e6euisw.mp4?_nc_cat=111&_nc_oc=AdovbKF9aErhMPIoRlCIQovp8rCuAppF2AjKr5VfhmEyy1EUrp73sKwaHPilz8w146M&_nc_sid=8bf8fe&_nc_ht=video.fpnh5-5.fna.fbcdn.net&_nc_ohc=mwPteIsTcQ4Q7kNvwF_2_oL&efg=eyJ2ZW5jb2RlX3RhZyI6Inhwdl9wcm9ncmVzc2l2ZS5WSV9VU0VDQVNFX1BST0RVQ1RfVFlQRS4uQzMuNjQwLnN2ZV9zZCIsInhwdl9hc3NldF9pZCI6MjUzOTg1Njk3ODk3NDYwMzMsImFzc2V0X2FnZV9kYXlzIjoxNjYsInZpX3VzZWNhc2VfaWQiOjEwNzk5LCJkdXJhdGlvbl9zIjoxNSwidXJsZ2VuX3NvdXJjZSI6Ind3dyJ9&ccb=17-1&_nc_gid=Bn0TL8cBdNLqQfMNKBsxiQ&_nc_ss=7a30f&_nc_zt=28&oh=00_AfzhGFr2_ttDusLn-Af4rPfacy8cFitUmxb8Nus1Gerx1Q&oe=69C357DF
Inactive,657245730238485,4 Sep 2025 - 13 Sep 2025,Tank Pack Attack,https://www.facebook.com/61579603290737/,Yes,Can You Create the ULTIMATE Weapon?,,https://video.fpnh5-4.fna.fbcdn.net/o1/v/t2/f2/m366/AQMkR8evjPg39578awGzgHpu4jl6IaHeD2GJziO0VFVTA59nfwiB6R8fsCf31YaI9d5GPUfL2TXaXLtTRkBQSJdvC-dmmdrkY4yCF718qg.mp4?_nc_cat=110&_nc_oc=Adr2ZIKY1L23NFlGVvw58rGSg6g2p9GbAA7-4eQS44L9dMU8bk5EwNTagaCwzVpZ9os&_nc_sid=8bf8fe&_nc_ht=video.fpnh5-4.fna.fbcdn.net&_nc_ohc=U59xFYDfTzEQ7kNvwFLX38I&efg=eyJ2ZW5jb2RlX3RhZyI6Inhwdl9wcm9ncmVzc2l2ZS5WSV9VU0VDQVNFX1BST0RVQ1RfVFlQRS4uQzMuMzYwLnN2ZV9zZCIsInhwdl9hc3NldF9pZCI6MTM1MzE4NTQ4NjM3MDcwNywiYXNzZXRfYWdlX2RheXMiOjE5NywidmlfdXNlY2FzZV9pZCI6MTA3OTksImR1cmF0aW9uX3MiOjQwLCJ1cmxnZW5fc291cmNlIjoid3d3In0%3D&ccb=17-1&_nc_gid=Bn0TL8cBdNLqQfMNKBsxiQ&_nc_ss=7a30f&_nc_zt=28&oh=00_AfzPZbAzhhQu4chCnPKVyBxKZvjOU39nx8_Rn8XGh35oPQ&oe=69C37308
Inactive,1291203078689107,29 Dec 2024 - 23 Apr 2025,Apps4Free - Social Games,https://www.facebook.com/Apps4FreeSocialSlotsGames/,Yes,🎰 Play The Best SLOT-Machine GAMES!,https://scontent.fpnh5-6.fna.fbcdn.net/v/t39.35426-6/471840404_2773406642826482_2348931352510374102_n.jpg?stp=dst-jpg_s600x600_tt6&_nc_cat=103&ccb=1-7&_nc_sid=c53f8f&_nc_ohc=Ya0klgoONmIQ7kNvwFqIgQF&_nc_oc=AdoeNDDyIrEfxNnPMx-9n0eMlQxpOqIgxcvRLpZkxgGrJ_Dz2mqV-326J8QXuitTt94&_nc_zt=14&_nc_ht=scontent.fpnh5-6.fna&_nc_gid=Bn0TL8cBdNLqQfMNKBsxiQ&_nc_ss=7a30f&oh=00_AfytS9zg44CzXiPQ9Zjdn31xYRZjJVxoWtJ08xX3eFOXWw&oe=69C3490B,
Inactive,1614346819173042,5 Jan 2025 - 8 May 2025,Apps4Free - Social Games,https://www.facebook.com/Apps4FreeSocialSlotsGames/,Yes,🎰 Play The Best SLOT-Machine GAMES!,https://scontent.fpnh5-3.fna.fbcdn.net/v/t39.35426-6/472222418_1310747329937576_5468636555966593924_n.jpg?stp=dst-jpg_s600x600_tt6&_nc_cat=106&ccb=1-7&_nc_sid=c53f8f&_nc_ohc=-fxaWCtgwMsQ7kNvwHmQOB_&_nc_oc=Adog5xnKabKoFZZOh0xNge2pDKG-Fg4rw9T8cNMeJYtOMs7GLi4LCY8-MSiHIRXc0ds&_nc_zt=14&_nc_ht=scontent.fpnh5-3.fna&_nc_gid=Bn0TL8cBdNLqQfMNKBsxiQ&_nc_ss=7a30f&oh=00_Afx52zuPQCAPNxraCV4HLL4Y9R-ezK0UoxGIwsCCgV13Fw&oe=69C369C5,
Inactive,763493063117095,4 Sep 2025 - 16 Oct 2025,Slots Heart Casino -Free Slot Machines,https://www.facebook.com/PlayHeartCasino/,Yes,,https://scontent.fpnh5-5.fna.fbcdn.net/v/t39.35426-6/543124055_766855659529757_173284070782252135_n.jpg?stp=dst-jpg_s600x600_tt6&_nc_cat=111&ccb=1-7&_nc_sid=c53f8f&_nc_ohc=dDCbgRMiS7cQ7kNvwE1rbuI&_nc_oc=AdqDTvrPtKZy9aE0iEIfThwy5OS7nXhZadzA1ewBBtjV1SfcwDFLIeRM70rS6xxg0TI&_nc_zt=14&_nc_ht=scontent.fpnh5-5.fna&_nc_gid=Bn0TL8cBdNLqQfMNKBsxiQ&_nc_ss=7a30f&oh=00_AfwTDzU4rJoX9R_fYSwQHwcVePd5kdcS6-GbWwwtCDcMkg&oe=69C37227,
Inactive,1655751755407750,27 Nov 2025 - 5 Jan 2026,Slotomania - Slot Machines,https://www.facebook.com/slotomania/,Yes,"🎰Slotomania Madness is Waiting for YOU 🔥
It's time to Spin some FUN on our Hottest Slot Machine 😍",,https://video.fpnh5-3.fna.fbcdn.net/o1/v/t2/f2/m412/AQNeqicsvjaxGSkHmmNHzyi3EhvFt3EoLVConFzGzixmXbtrz6KtXgamBnZD1MZ8AeTy8sciFjQL5lSTu9J-yNfT0tdLFwBC4jBXhnEBzw.mp4?_nc_cat=106&_nc_oc=Adqn1yRMFwPVa8vXKUI_2n9ZeuzQQR18dUcaDvM4Ch0eqFNKxQhxnh_xMUT-rrQvqaI&_nc_sid=8bf8fe&_nc_ht=video.fpnh5-3.fna.fbcdn.net&_nc_ohc=LvAaaxJhT8cQ7kNvwGJpdRi&efg=eyJ2ZW5jb2RlX3RhZyI6Inhwdl9wcm9ncmVzc2l2ZS5WSV9VU0VDQVNFX1BST0RVQ1RfVFlQRS4uQzMuMzYwLnN2ZV9zZCIsInhwdl9hc3NldF9pZCI6MTM2NTE3Mjg5MTgyNzk3OSwiYXNzZXRfYWdlX2RheXMiOjEyMCwidmlfdXNlY2FzZV9pZCI6MTAxMzksImR1cmF0aW9uX3MiOjMwLCJ1cmxnZW5fc291cmNlIjoid3d3In0%3D&ccb=17-1&_nc_gid=Bn0TL8cBdNLqQfMNKBsxiQ&_nc_ss=7a30f&_nc_zt=28&oh=00_Afx_wSMAffnTejsaGhVE4kTL5v2BPpCdlPzeHJXcNKHQTg&oe=69C34F34
Inactive,1862982831232687,31 Aug 2025 - 24 Nov 2025,Slots Bingo Free,https://www.facebook.com/SlotsBingoFree/,Yes,🎰 Play The Best SLOT-Machine GAMES!,https://scontent.fpnh5-3.fna.fbcdn.net/v/t39.35426-6/530830162_1752992692026505_7943187582047440206_n.jpg?stp=dst-jpg_s600x600_tt6&_nc_cat=104&ccb=1-7&_nc_sid=c53f8f&_nc_ohc=AVMLXxbxy2MQ7kNvwGx-9dl&_nc_oc=Adp__7S3ZsMLbeED7lEpLdODca0L3L_isvKvwOFMeopSNHqxEtDDZEmyVEbEJnfRRng&_nc_zt=14&_nc_ht=scontent.fpnh5-3.fna&_nc_gid=Bn0TL8cBdNLqQfMNKBsxiQ&_nc_ss=7a30f&oh=00_AfytFTlrBv81vtOOw7CYRjrcBErMEDg88PYnNkFi66C29Q&oe=69C367DC,
Inactive,948063297430369,18 Feb 2025 - 9 May 2025,Apps-4-Free,https://www.facebook.com/GameApps4Free/,Yes,🍀 The Best SLOT-Machine GAMES! 🍀,https://scontent.fpnh5-6.fna.fbcdn.net/v/t39.35426-6/480650280_2261659947538823_3730437706045162023_n.jpg?stp=dst-jpg_s600x600_tt6&_nc_cat=103&ccb=1-7&_nc_sid=c53f8f&_nc_ohc=eai-NvkAOOkQ7kNvwGOTJKj&_nc_oc=Adr9KzuiWcIeevW74sCetJitBxnTXLL8znKb-ZygbMtHnUEyON21Ubpv1jXbFdNrmEM&_nc_zt=14&_nc_ht=scontent.fpnh5-6.fna&_nc_gid=dKMmAxkguHnFUwAerroGDg&_nc_ss=7a30f&oh=00_AfzVZBEhC9PSxfC6sywQZIQcJfUnLPYpSXMXHKJ6m2AgOg&oe=69C37B23,
Inactive,844228651584887,22 Dec 2025 - 23 Feb 2026,Apps-4-Free,https://www.facebook.com/GameApps4Free/,Yes,🍀 The Best SLOT-Machine GAMES 🍀,https://scontent.fpnh5-4.fna.fbcdn.net/v/t39.35426-6/600413513_1488472678893294_6388383149521141523_n.jpg?stp=dst-jpg_s600x600_tt6&_nc_cat=101&ccb=1-7&_nc_sid=c53f8f&_nc_ohc=6PiZ5QjiPc0Q7kNvwHxlgOk&_nc_oc=AdoeRrtRYAgB6Bx1zIhMOFBLcSOuTQlvOd2_2IUL4adsyyf8JifGKXkm2dTZS64K9c4&_nc_zt=14&_nc_ht=scontent.fpnh5-4.fna&_nc_gid=dKMmAxkguHnFUwAerroGDg&_nc_ss=7a30f&oh=00_AfwxgFBHVza12w1JnC8Lhhd_2n9IyDsKgOKyrjynFHA8WA&oe=69C3733D,
Inactive,2148349952302399,20 Apr 2025 - 9 Jun 2025,Slotomania - Slot Machines,https://www.facebook.com/slotomania/,Yes,😍🎉Slotomania's Winning Spins Slot Machine is HERE! Go have a Spin...🏆🎰,,https://video.fpnh5-1.fna.fbcdn.net/o1/v/t2/f2/m69/AQOm5iDccusKeCjj8RKqszLwerrUl6PRIoaOc28IS_uOBAvC63VosXFmZzo9n5KPcqctRIXtxw8xBb4WHfGegsTB.mp4?strext=1&_nc_cat=105&_nc_oc=Adou-hhOzklAFb7x15LubNx5x8fsiD32x7TXLb9D7D_2Zl7pvNbwrtuosJQ2ir17tYQ&_nc_sid=8bf8fe&_nc_ht=video.fpnh5-1.fna.fbcdn.net&_nc_ohc=d1gDNF4LnwYQ7kNvwGq2e4Q&efg=eyJ2ZW5jb2RlX3RhZyI6Inhwdl9wcm9ncmVzc2l2ZS5WSV9VU0VDQVNFX1BST0RVQ1RfVFlQRS4uQzMuNjQwLnN2ZV9zZCIsInhwdl9hc3NldF9pZCI6MTkwNzY5NjAxNjY2OTQ5NiwiYXNzZXRfYWdlX2RheXMiOjMzNCwidmlfdXNlY2FzZV9pZCI6MTA3OTksImR1cmF0aW9uX3MiOjMwLCJ1cmxnZW5fc291cmNlIjoid3d3In0%3D&ccb=17-1&_nc_gid=dKMmAxkguHnFUwAerroGDg&_nc_ss=7a30f&_nc_zt=28&oh=00_Afz63PlIDCYjjsoQDnEB7ZhyF6bOhRondiYx9AmLQ2aweA&oe=69C36311
Inactive,712125624837429,28 Apr 2025 - 3 Jun 2025,Slotomania - Slot Machines,https://www.facebook.com/slotomania/,Yes,😍🎉Slotomania's Winning Spins Slot Machine is HERE! Go have a Spin...🏆🎰,,https://video.fpnh5-1.fna.fbcdn.net/o1/v/t2/f2/m69/AQP2GWvPFmfdJP2JaoftnerEjgLHsTyNBMAuk-_BPk-68_SwMdOB7BGLXCTPrbyBBl0vX4zFQdqW935eOqwncx6i.mp4?strext=1&_nc_cat=105&_nc_oc=Adr1z68FXrPhWslJoiHYB0MvSd9XoC_7JpFf7RBescWsu9JWHVCm25S-Ud1rTNOf8nI&_nc_sid=8bf8fe&_nc_ht=video.fpnh5-1.fna.fbcdn.net&_nc_ohc=nht5c2tiJEAQ7kNvwEH0rHK&efg=eyJ2ZW5jb2RlX3RhZyI6Inhwdl9wcm9ncmVzc2l2ZS5WSV9VU0VDQVNFX1BST0RVQ1RfVFlQRS4uQzMuMzYwLnN2ZV9zZCIsInhwdl9hc3NldF9pZCI6MTM2NTA5NDUzMTM1OTg4NywiYXNzZXRfYWdlX2RheXMiOjMzNCwidmlfdXNlY2FzZV9pZCI6MTA3OTksImR1cmF0aW9uX3MiOjMwLCJ1cmxnZW5fc291cmNlIjoid3d3In0%3D&ccb=17-1&_nc_gid=dKMmAxkguHnFUwAerroGDg&_nc_ss=7a30f&_nc_zt=28&oh=00_AfzHUa8ECm5efVsENmU4ve8JnPQYTgy22T7AQ06Cx5Y3nQ&oe=69C35621
Inactive,1378540513913232,1 Dec 2025 - 23 Feb 2026,Apps4Free - Social Games,https://www.facebook.com/Apps4FreeSocialSlotsGames/,Yes,🎰 Play The Best SLOT-Machine GAMES!,https://scontent.fpnh5-3.fna.fbcdn.net/v/t39.35426-6/592379652_707635869066379_1596145144612162665_n.jpg?stp=dst-jpg_s600x600_tt6&_nc_cat=104&ccb=1-7&_nc_sid=c53f8f&_nc_ohc=hwNIkQPR_ZAQ7kNvwGaF4E1&_nc_oc=AdrtGB0zfpZrEhwlU7hqlud99JscweoymBEvA3o2SZwbkLIUT1VTNLVvrFSpx5hlCyg&_nc_zt=14&_nc_ht=scontent.fpnh5-3.fna&_nc_gid=dKMmAxkguHnFUwAerroGDg&_nc_ss=7a30f&oh=00_Afx5oD-w-kz--70HXUIrLHiSSXxr6F7g2-zpC6jHPl32tw&oe=69C373C7,
Inactive,893730693223778,26 Nov 2025 - 1 Dec 2025,Mureka AI,https://www.facebook.com/61567153665824/,Yes,"Stop relying on ""slot machine"" AI music. 🎲 
Most AI generators give you random results. 
Mureka API gives you control. 
Upload reference audio to guide the style, generate separate stems (vocals/accompaniment), and integrate high-fidelity music directly into your product. 
Ready to build the next generation of audio apps?",https://scontent.fpnh5-4.fna.fbcdn.net/v/t39.35426-6/589648051_1367736808361554_6139715435522424819_n.jpg?stp=dst-jpg_s600x600_tt6&_nc_cat=100&ccb=1-7&_nc_sid=c53f8f&_nc_ohc=qnC35DMIqAEQ7kNvwG4WlHs&_nc_oc=Adp3xJujD9YoW5GrTkNdTm8u6vHE6T6MhbY_2hHHfgjmPW_PzFtH0V2ArIib892C1Ys&_nc_zt=14&_nc_ht=scontent.fpnh5-4.fna&_nc_gid=dKMmAxkguHnFUwAerroGDg&_nc_ss=7a30f&oh=00_Afxcu47I7AKOR0pT83mtf91PIXCD8_1xkDFB1yNAt2WQ-A&oe=69C36422,
Inactive,3365170966986340,19 Feb 2026 - 27 Feb 2026,Next Drama,https://www.facebook.com/61553972073461/,Yes,"Six years ago, a drugged beauty CEO mistook me for her “cure.” 💊
Since then, I’ve been breaking my back on construction sites… just to save my foster mom.
Underpaid. Mocked. Humiliated. Beaten like trash...
Right at my lowest—
A luxury car screeched to a stop 🚗, the beauty CEO stepped out… And her child ran to me yelling, “Dad!” 😱

🔥 WATCH NOW – [ENG DUB] Bricklaying for Six Years, My Goddess Proposes to Me 🔥
#GoodShort #UnexpectedDaughter #CEOProposal #mustwatch",,https://video.fpnh5-4.fna.fbcdn.net/o1/v/t2/f2/m412/AQN6NpZyj_jNbvCpvbd0cagrWKdtYtfQYAHhYse9PVxDP9cKSW9KN2JtCePSVxF2ulmUYd8Cs-p2aaE1Za79fJ5YC35rapBwjlpv7VFouA.mp4?_nc_cat=100&_nc_oc=AdomjHztyIDoqJ7opNXDljayoMqTBDVClSXYgGp4qooWJtfBBWtWGyPGSKWjweQvMyE&_nc_sid=8bf8fe&_nc_ht=video.fpnh5-4.fna.fbcdn.net&_nc_ohc=PXng7V96JdgQ7kNvwEshbcs&efg=eyJ2ZW5jb2RlX3RhZyI6Inhwdl9wcm9ncmVzc2l2ZS5WSV9VU0VDQVNFX1BST0RVQ1RfVFlQRS4uQzMuMzYwLnN2ZV9zZCIsInhwdl9hc3NldF9pZCI6MTQ0MTMyMzc1NzYzNDE4MiwiYXNzZXRfYWdlX2RheXMiOjQ2LCJ2aV91c2VjYXNlX2lkIjoxMDEzOSwiZHVyYXRpb25fcyI6MTY2OCwidXJsZ2VuX3NvdXJjZSI6Ind3dyJ9&ccb=17-1&_nc_gid=dKMmAxkguHnFUwAerroGDg&_nc_ss=7a30f&_nc_zt=28&oh=00_Afz9h7oRmxIohPApVfM474xrU-f7C8nJJoo5oMKrjeUgFA&oe=69C3757A
